Raw Text,JSON Text
Stream of thought 1 for Burned-out Tech Lead.,"{""profile_name"": ""Burned-out Tech Lead"", ""profile_description"": ""35-year-old engineering manager in a startup"", ""thought_number"": 1, ""stream_of_thought"": ""Stream of thought 1 for Burned-out Tech Lead.""}"
Stream of thought 2 for Burned-out Tech Lead.,"{""profile_name"": ""Burned-out Tech Lead"", ""profile_description"": ""35-year-old engineering manager in a startup"", ""thought_number"": 2, ""stream_of_thought"": ""Stream of thought 2 for Burned-out Tech Lead.""}"
Stream of thought 3 for Burned-out Tech Lead.,"{""profile_name"": ""Burned-out Tech Lead"", ""profile_description"": ""35-year-old engineering manager in a startup"", ""thought_number"": 3, ""stream_of_thought"": ""Stream of thought 3 for Burned-out Tech Lead.""}"
Stream of thought 4 for Burned-out Tech Lead.,"{""profile_name"": ""Burned-out Tech Lead"", ""profile_description"": ""35-year-old engineering manager in a startup"", ""thought_number"": 4, ""stream_of_thought"": ""Stream of thought 4 for Burned-out Tech Lead.""}"
Stream of thought 5 for Burned-out Tech Lead.,"{""profile_name"": ""Burned-out Tech Lead"", ""profile_description"": ""35-year-old engineering manager in a startup"", ""thought_number"": 5, ""stream_of_thought"": ""Stream of thought 5 for Burned-out Tech Lead.""}"
Stream of thought 6 for Burned-out Tech Lead.,"{""profile_name"": ""Burned-out Tech Lead"", ""profile_description"": ""35-year-old engineering manager in a startup"", ""thought_number"": 6, ""stream_of_thought"": ""Stream of thought 6 for Burned-out Tech Lead.""}"
Stream of thought 7 for Burned-out Tech Lead.,"{""profile_name"": ""Burned-out Tech Lead"", ""profile_description"": ""35-year-old engineering manager in a startup"", ""thought_number"": 7, ""stream_of_thought"": ""Stream of thought 7 for Burned-out Tech Lead.""}"
Stream of thought 8 for Burned-out Tech Lead.,"{""profile_name"": ""Burned-out Tech Lead"", ""profile_description"": ""35-year-old engineering manager in a startup"", ""thought_number"": 8, ""stream_of_thought"": ""Stream of thought 8 for Burned-out Tech Lead.""}"
Stream of thought 9 for Burned-out Tech Lead.,"{""profile_name"": ""Burned-out Tech Lead"", ""profile_description"": ""35-year-old engineering manager in a startup"", ""thought_number"": 9, ""stream_of_thought"": ""Stream of thought 9 for Burned-out Tech Lead.""}"
Stream of thought 10 for Burned-out Tech Lead.,"{""profile_name"": ""Burned-out Tech Lead"", ""profile_description"": ""35-year-old engineering manager in a startup"", ""thought_number"": 10, ""stream_of_thought"": ""Stream of thought 10 for Burned-out Tech Lead.""}"
Stream of thought 11 for Burned-out Tech Lead.,"{""profile_name"": ""Burned-out Tech Lead"", ""profile_description"": ""35-year-old engineering manager in a startup"", ""thought_number"": 11, ""stream_of_thought"": ""Stream of thought 11 for Burned-out Tech Lead.""}"
Stream of thought 12 for Burned-out Tech Lead.,"{""profile_name"": ""Burned-out Tech Lead"", ""profile_description"": ""35-year-old engineering manager in a startup"", ""thought_number"": 12, ""stream_of_thought"": ""Stream of thought 12 for Burned-out Tech Lead.""}"
Stream of thought 13 for Burned-out Tech Lead.,"{""profile_name"": ""Burned-out Tech Lead"", ""profile_description"": ""35-year-old engineering manager in a startup"", ""thought_number"": 13, ""stream_of_thought"": ""Stream of thought 13 for Burned-out Tech Lead.""}"
Stream of thought 14 for Burned-out Tech Lead.,"{""profile_name"": ""Burned-out Tech Lead"", ""profile_description"": ""35-year-old engineering manager in a startup"", ""thought_number"": 14, ""stream_of_thought"": ""Stream of thought 14 for Burned-out Tech Lead.""}"
Stream of thought 15 for Burned-out Tech Lead.,"{""profile_name"": ""Burned-out Tech Lead"", ""profile_description"": ""35-year-old engineering manager in a startup"", ""thought_number"": 15, ""stream_of_thought"": ""Stream of thought 15 for Burned-out Tech Lead.""}"
Stream of thought 16 for Burned-out Tech Lead.,"{""profile_name"": ""Burned-out Tech Lead"", ""profile_description"": ""35-year-old engineering manager in a startup"", ""thought_number"": 16, ""stream_of_thought"": ""Stream of thought 16 for Burned-out Tech Lead.""}"
Stream of thought 17 for Burned-out Tech Lead.,"{""profile_name"": ""Burned-out Tech Lead"", ""profile_description"": ""35-year-old engineering manager in a startup"", ""thought_number"": 17, ""stream_of_thought"": ""Stream of thought 17 for Burned-out Tech Lead.""}"
Stream of thought 18 for Burned-out Tech Lead.,"{""profile_name"": ""Burned-out Tech Lead"", ""profile_description"": ""35-year-old engineering manager in a startup"", ""thought_number"": 18, ""stream_of_thought"": ""Stream of thought 18 for Burned-out Tech Lead.""}"
Stream of thought 19 for Burned-out Tech Lead.,"{""profile_name"": ""Burned-out Tech Lead"", ""profile_description"": ""35-year-old engineering manager in a startup"", ""thought_number"": 19, ""stream_of_thought"": ""Stream of thought 19 for Burned-out Tech Lead.""}"
Stream of thought 20 for Burned-out Tech Lead.,"{""profile_name"": ""Burned-out Tech Lead"", ""profile_description"": ""35-year-old engineering manager in a startup"", ""thought_number"": 20, ""stream_of_thought"": ""Stream of thought 20 for Burned-out Tech Lead.""}"
Stream of thought 21 for Burned-out Tech Lead.,"{""profile_name"": ""Burned-out Tech Lead"", ""profile_description"": ""35-year-old engineering manager in a startup"", ""thought_number"": 21, ""stream_of_thought"": ""Stream of thought 21 for Burned-out Tech Lead.""}"
Stream of thought 22 for Burned-out Tech Lead.,"{""profile_name"": ""Burned-out Tech Lead"", ""profile_description"": ""35-year-old engineering manager in a startup"", ""thought_number"": 22, ""stream_of_thought"": ""Stream of thought 22 for Burned-out Tech Lead.""}"
Stream of thought 23 for Burned-out Tech Lead.,"{""profile_name"": ""Burned-out Tech Lead"", ""profile_description"": ""35-year-old engineering manager in a startup"", ""thought_number"": 23, ""stream_of_thought"": ""Stream of thought 23 for Burned-out Tech Lead.""}"
Stream of thought 24 for Burned-out Tech Lead.,"{""profile_name"": ""Burned-out Tech Lead"", ""profile_description"": ""35-year-old engineering manager in a startup"", ""thought_number"": 24, ""stream_of_thought"": ""Stream of thought 24 for Burned-out Tech Lead.""}"
Stream of thought 25 for Burned-out Tech Lead.,"{""profile_name"": ""Burned-out Tech Lead"", ""profile_description"": ""35-year-old engineering manager in a startup"", ""thought_number"": 25, ""stream_of_thought"": ""Stream of thought 25 for Burned-out Tech Lead.""}"
Stream of thought 26 for Burned-out Tech Lead.,"{""profile_name"": ""Burned-out Tech Lead"", ""profile_description"": ""35-year-old engineering manager in a startup"", ""thought_number"": 26, ""stream_of_thought"": ""Stream of thought 26 for Burned-out Tech Lead.""}"
Stream of thought 27 for Burned-out Tech Lead.,"{""profile_name"": ""Burned-out Tech Lead"", ""profile_description"": ""35-year-old engineering manager in a startup"", ""thought_number"": 27, ""stream_of_thought"": ""Stream of thought 27 for Burned-out Tech Lead.""}"
Stream of thought 28 for Burned-out Tech Lead.,"{""profile_name"": ""Burned-out Tech Lead"", ""profile_description"": ""35-year-old engineering manager in a startup"", ""thought_number"": 28, ""stream_of_thought"": ""Stream of thought 28 for Burned-out Tech Lead.""}"
Stream of thought 29 for Burned-out Tech Lead.,"{""profile_name"": ""Burned-out Tech Lead"", ""profile_description"": ""35-year-old engineering manager in a startup"", ""thought_number"": 29, ""stream_of_thought"": ""Stream of thought 29 for Burned-out Tech Lead.""}"
Stream of thought 30 for Burned-out Tech Lead.,"{""profile_name"": ""Burned-out Tech Lead"", ""profile_description"": ""35-year-old engineering manager in a startup"", ""thought_number"": 30, ""stream_of_thought"": ""Stream of thought 30 for Burned-out Tech Lead.""}"
Stream of thought 31 for Burned-out Tech Lead.,"{""profile_name"": ""Burned-out Tech Lead"", ""profile_description"": ""35-year-old engineering manager in a startup"", ""thought_number"": 31, ""stream_of_thought"": ""Stream of thought 31 for Burned-out Tech Lead.""}"
Stream of thought 32 for Burned-out Tech Lead.,"{""profile_name"": ""Burned-out Tech Lead"", ""profile_description"": ""35-year-old engineering manager in a startup"", ""thought_number"": 32, ""stream_of_thought"": ""Stream of thought 32 for Burned-out Tech Lead.""}"
Stream of thought 33 for Burned-out Tech Lead.,"{""profile_name"": ""Burned-out Tech Lead"", ""profile_description"": ""35-year-old engineering manager in a startup"", ""thought_number"": 33, ""stream_of_thought"": ""Stream of thought 33 for Burned-out Tech Lead.""}"
Stream of thought 34 for Burned-out Tech Lead.,"{""profile_name"": ""Burned-out Tech Lead"", ""profile_description"": ""35-year-old engineering manager in a startup"", ""thought_number"": 34, ""stream_of_thought"": ""Stream of thought 34 for Burned-out Tech Lead.""}"
Stream of thought 35 for Burned-out Tech Lead.,"{""profile_name"": ""Burned-out Tech Lead"", ""profile_description"": ""35-year-old engineering manager in a startup"", ""thought_number"": 35, ""stream_of_thought"": ""Stream of thought 35 for Burned-out Tech Lead.""}"
Stream of thought 36 for Burned-out Tech Lead.,"{""profile_name"": ""Burned-out Tech Lead"", ""profile_description"": ""35-year-old engineering manager in a startup"", ""thought_number"": 36, ""stream_of_thought"": ""Stream of thought 36 for Burned-out Tech Lead.""}"
Stream of thought 37 for Burned-out Tech Lead.,"{""profile_name"": ""Burned-out Tech Lead"", ""profile_description"": ""35-year-old engineering manager in a startup"", ""thought_number"": 37, ""stream_of_thought"": ""Stream of thought 37 for Burned-out Tech Lead.""}"
Stream of thought 38 for Burned-out Tech Lead.,"{""profile_name"": ""Burned-out Tech Lead"", ""profile_description"": ""35-year-old engineering manager in a startup"", ""thought_number"": 38, ""stream_of_thought"": ""Stream of thought 38 for Burned-out Tech Lead.""}"
Stream of thought 39 for Burned-out Tech Lead.,"{""profile_name"": ""Burned-out Tech Lead"", ""profile_description"": ""35-year-old engineering manager in a startup"", ""thought_number"": 39, ""stream_of_thought"": ""Stream of thought 39 for Burned-out Tech Lead.""}"
Stream of thought 40 for Burned-out Tech Lead.,"{""profile_name"": ""Burned-out Tech Lead"", ""profile_description"": ""35-year-old engineering manager in a startup"", ""thought_number"": 40, ""stream_of_thought"": ""Stream of thought 40 for Burned-out Tech Lead.""}"
Stream of thought 41 for Burned-out Tech Lead.,"{""profile_name"": ""Burned-out Tech Lead"", ""profile_description"": ""35-year-old engineering manager in a startup"", ""thought_number"": 41, ""stream_of_thought"": ""Stream of thought 41 for Burned-out Tech Lead.""}"
Stream of thought 42 for Burned-out Tech Lead.,"{""profile_name"": ""Burned-out Tech Lead"", ""profile_description"": ""35-year-old engineering manager in a startup"", ""thought_number"": 42, ""stream_of_thought"": ""Stream of thought 42 for Burned-out Tech Lead.""}"
Stream of thought 43 for Burned-out Tech Lead.,"{""profile_name"": ""Burned-out Tech Lead"", ""profile_description"": ""35-year-old engineering manager in a startup"", ""thought_number"": 43, ""stream_of_thought"": ""Stream of thought 43 for Burned-out Tech Lead.""}"
Stream of thought 44 for Burned-out Tech Lead.,"{""profile_name"": ""Burned-out Tech Lead"", ""profile_description"": ""35-year-old engineering manager in a startup"", ""thought_number"": 44, ""stream_of_thought"": ""Stream of thought 44 for Burned-out Tech Lead.""}"
Stream of thought 45 for Burned-out Tech Lead.,"{""profile_name"": ""Burned-out Tech Lead"", ""profile_description"": ""35-year-old engineering manager in a startup"", ""thought_number"": 45, ""stream_of_thought"": ""Stream of thought 45 for Burned-out Tech Lead.""}"
Stream of thought 46 for Burned-out Tech Lead.,"{""profile_name"": ""Burned-out Tech Lead"", ""profile_description"": ""35-year-old engineering manager in a startup"", ""thought_number"": 46, ""stream_of_thought"": ""Stream of thought 46 for Burned-out Tech Lead.""}"
Stream of thought 47 for Burned-out Tech Lead.,"{""profile_name"": ""Burned-out Tech Lead"", ""profile_description"": ""35-year-old engineering manager in a startup"", ""thought_number"": 47, ""stream_of_thought"": ""Stream of thought 47 for Burned-out Tech Lead.""}"
Stream of thought 48 for Burned-out Tech Lead.,"{""profile_name"": ""Burned-out Tech Lead"", ""profile_description"": ""35-year-old engineering manager in a startup"", ""thought_number"": 48, ""stream_of_thought"": ""Stream of thought 48 for Burned-out Tech Lead.""}"
Stream of thought 49 for Burned-out Tech Lead.,"{""profile_name"": ""Burned-out Tech Lead"", ""profile_description"": ""35-year-old engineering manager in a startup"", ""thought_number"": 49, ""stream_of_thought"": ""Stream of thought 49 for Burned-out Tech Lead.""}"
Stream of thought 50 for Burned-out Tech Lead.,"{""profile_name"": ""Burned-out Tech Lead"", ""profile_description"": ""35-year-old engineering manager in a startup"", ""thought_number"": 50, ""stream_of_thought"": ""Stream of thought 50 for Burned-out Tech Lead.""}"
Stream of thought 1 for Gap Year Student.,"{""profile_name"": ""Gap Year Student"", ""profile_description"": ""19-year-old student taking a break before college"", ""thought_number"": 1, ""stream_of_thought"": ""Stream of thought 1 for Gap Year Student.""}"
Stream of thought 2 for Gap Year Student.,"{""profile_name"": ""Gap Year Student"", ""profile_description"": ""19-year-old student taking a break before college"", ""thought_number"": 2, ""stream_of_thought"": ""Stream of thought 2 for Gap Year Student.""}"
Stream of thought 3 for Gap Year Student.,"{""profile_name"": ""Gap Year Student"", ""profile_description"": ""19-year-old student taking a break before college"", ""thought_number"": 3, ""stream_of_thought"": ""Stream of thought 3 for Gap Year Student.""}"
Stream of thought 4 for Gap Year Student.,"{""profile_name"": ""Gap Year Student"", ""profile_description"": ""19-year-old student taking a break before college"", ""thought_number"": 4, ""stream_of_thought"": ""Stream of thought 4 for Gap Year Student.""}"
Stream of thought 5 for Gap Year Student.,"{""profile_name"": ""Gap Year Student"", ""profile_description"": ""19-year-old student taking a break before college"", ""thought_number"": 5, ""stream_of_thought"": ""Stream of thought 5 for Gap Year Student.""}"
Stream of thought 6 for Gap Year Student.,"{""profile_name"": ""Gap Year Student"", ""profile_description"": ""19-year-old student taking a break before college"", ""thought_number"": 6, ""stream_of_thought"": ""Stream of thought 6 for Gap Year Student.""}"
Stream of thought 7 for Gap Year Student.,"{""profile_name"": ""Gap Year Student"", ""profile_description"": ""19-year-old student taking a break before college"", ""thought_number"": 7, ""stream_of_thought"": ""Stream of thought 7 for Gap Year Student.""}"
Stream of thought 8 for Gap Year Student.,"{""profile_name"": ""Gap Year Student"", ""profile_description"": ""19-year-old student taking a break before college"", ""thought_number"": 8, ""stream_of_thought"": ""Stream of thought 8 for Gap Year Student.""}"
Stream of thought 9 for Gap Year Student.,"{""profile_name"": ""Gap Year Student"", ""profile_description"": ""19-year-old student taking a break before college"", ""thought_number"": 9, ""stream_of_thought"": ""Stream of thought 9 for Gap Year Student.""}"
Stream of thought 10 for Gap Year Student.,"{""profile_name"": ""Gap Year Student"", ""profile_description"": ""19-year-old student taking a break before college"", ""thought_number"": 10, ""stream_of_thought"": ""Stream of thought 10 for Gap Year Student.""}"
Stream of thought 11 for Gap Year Student.,"{""profile_name"": ""Gap Year Student"", ""profile_description"": ""19-year-old student taking a break before college"", ""thought_number"": 11, ""stream_of_thought"": ""Stream of thought 11 for Gap Year Student.""}"
Stream of thought 12 for Gap Year Student.,"{""profile_name"": ""Gap Year Student"", ""profile_description"": ""19-year-old student taking a break before college"", ""thought_number"": 12, ""stream_of_thought"": ""Stream of thought 12 for Gap Year Student.""}"
Stream of thought 13 for Gap Year Student.,"{""profile_name"": ""Gap Year Student"", ""profile_description"": ""19-year-old student taking a break before college"", ""thought_number"": 13, ""stream_of_thought"": ""Stream of thought 13 for Gap Year Student.""}"
Stream of thought 14 for Gap Year Student.,"{""profile_name"": ""Gap Year Student"", ""profile_description"": ""19-year-old student taking a break before college"", ""thought_number"": 14, ""stream_of_thought"": ""Stream of thought 14 for Gap Year Student.""}"
Stream of thought 15 for Gap Year Student.,"{""profile_name"": ""Gap Year Student"", ""profile_description"": ""19-year-old student taking a break before college"", ""thought_number"": 15, ""stream_of_thought"": ""Stream of thought 15 for Gap Year Student.""}"
Stream of thought 16 for Gap Year Student.,"{""profile_name"": ""Gap Year Student"", ""profile_description"": ""19-year-old student taking a break before college"", ""thought_number"": 16, ""stream_of_thought"": ""Stream of thought 16 for Gap Year Student.""}"
Stream of thought 17 for Gap Year Student.,"{""profile_name"": ""Gap Year Student"", ""profile_description"": ""19-year-old student taking a break before college"", ""thought_number"": 17, ""stream_of_thought"": ""Stream of thought 17 for Gap Year Student.""}"
Stream of thought 18 for Gap Year Student.,"{""profile_name"": ""Gap Year Student"", ""profile_description"": ""19-year-old student taking a break before college"", ""thought_number"": 18, ""stream_of_thought"": ""Stream of thought 18 for Gap Year Student.""}"
Stream of thought 19 for Gap Year Student.,"{""profile_name"": ""Gap Year Student"", ""profile_description"": ""19-year-old student taking a break before college"", ""thought_number"": 19, ""stream_of_thought"": ""Stream of thought 19 for Gap Year Student.""}"
Stream of thought 20 for Gap Year Student.,"{""profile_name"": ""Gap Year Student"", ""profile_description"": ""19-year-old student taking a break before college"", ""thought_number"": 20, ""stream_of_thought"": ""Stream of thought 20 for Gap Year Student.""}"
Stream of thought 21 for Gap Year Student.,"{""profile_name"": ""Gap Year Student"", ""profile_description"": ""19-year-old student taking a break before college"", ""thought_number"": 21, ""stream_of_thought"": ""Stream of thought 21 for Gap Year Student.""}"
Stream of thought 22 for Gap Year Student.,"{""profile_name"": ""Gap Year Student"", ""profile_description"": ""19-year-old student taking a break before college"", ""thought_number"": 22, ""stream_of_thought"": ""Stream of thought 22 for Gap Year Student.""}"
Stream of thought 23 for Gap Year Student.,"{""profile_name"": ""Gap Year Student"", ""profile_description"": ""19-year-old student taking a break before college"", ""thought_number"": 23, ""stream_of_thought"": ""Stream of thought 23 for Gap Year Student.""}"
Stream of thought 24 for Gap Year Student.,"{""profile_name"": ""Gap Year Student"", ""profile_description"": ""19-year-old student taking a break before college"", ""thought_number"": 24, ""stream_of_thought"": ""Stream of thought 24 for Gap Year Student.""}"
Stream of thought 25 for Gap Year Student.,"{""profile_name"": ""Gap Year Student"", ""profile_description"": ""19-year-old student taking a break before college"", ""thought_number"": 25, ""stream_of_thought"": ""Stream of thought 25 for Gap Year Student.""}"
Stream of thought 26 for Gap Year Student.,"{""profile_name"": ""Gap Year Student"", ""profile_description"": ""19-year-old student taking a break before college"", ""thought_number"": 26, ""stream_of_thought"": ""Stream of thought 26 for Gap Year Student.""}"
Stream of thought 27 for Gap Year Student.,"{""profile_name"": ""Gap Year Student"", ""profile_description"": ""19-year-old student taking a break before college"", ""thought_number"": 27, ""stream_of_thought"": ""Stream of thought 27 for Gap Year Student.""}"
Stream of thought 28 for Gap Year Student.,"{""profile_name"": ""Gap Year Student"", ""profile_description"": ""19-year-old student taking a break before college"", ""thought_number"": 28, ""stream_of_thought"": ""Stream of thought 28 for Gap Year Student.""}"
Stream of thought 29 for Gap Year Student.,"{""profile_name"": ""Gap Year Student"", ""profile_description"": ""19-year-old student taking a break before college"", ""thought_number"": 29, ""stream_of_thought"": ""Stream of thought 29 for Gap Year Student.""}"
Stream of thought 30 for Gap Year Student.,"{""profile_name"": ""Gap Year Student"", ""profile_description"": ""19-year-old student taking a break before college"", ""thought_number"": 30, ""stream_of_thought"": ""Stream of thought 30 for Gap Year Student.""}"
Stream of thought 31 for Gap Year Student.,"{""profile_name"": ""Gap Year Student"", ""profile_description"": ""19-year-old student taking a break before college"", ""thought_number"": 31, ""stream_of_thought"": ""Stream of thought 31 for Gap Year Student.""}"
Stream of thought 32 for Gap Year Student.,"{""profile_name"": ""Gap Year Student"", ""profile_description"": ""19-year-old student taking a break before college"", ""thought_number"": 32, ""stream_of_thought"": ""Stream of thought 32 for Gap Year Student.""}"
Stream of thought 33 for Gap Year Student.,"{""profile_name"": ""Gap Year Student"", ""profile_description"": ""19-year-old student taking a break before college"", ""thought_number"": 33, ""stream_of_thought"": ""Stream of thought 33 for Gap Year Student.""}"
Stream of thought 34 for Gap Year Student.,"{""profile_name"": ""Gap Year Student"", ""profile_description"": ""19-year-old student taking a break before college"", ""thought_number"": 34, ""stream_of_thought"": ""Stream of thought 34 for Gap Year Student.""}"
Stream of thought 35 for Gap Year Student.,"{""profile_name"": ""Gap Year Student"", ""profile_description"": ""19-year-old student taking a break before college"", ""thought_number"": 35, ""stream_of_thought"": ""Stream of thought 35 for Gap Year Student.""}"
Stream of thought 36 for Gap Year Student.,"{""profile_name"": ""Gap Year Student"", ""profile_description"": ""19-year-old student taking a break before college"", ""thought_number"": 36, ""stream_of_thought"": ""Stream of thought 36 for Gap Year Student.""}"
Stream of thought 37 for Gap Year Student.,"{""profile_name"": ""Gap Year Student"", ""profile_description"": ""19-year-old student taking a break before college"", ""thought_number"": 37, ""stream_of_thought"": ""Stream of thought 37 for Gap Year Student.""}"
Stream of thought 38 for Gap Year Student.,"{""profile_name"": ""Gap Year Student"", ""profile_description"": ""19-year-old student taking a break before college"", ""thought_number"": 38, ""stream_of_thought"": ""Stream of thought 38 for Gap Year Student.""}"
Stream of thought 39 for Gap Year Student.,"{""profile_name"": ""Gap Year Student"", ""profile_description"": ""19-year-old student taking a break before college"", ""thought_number"": 39, ""stream_of_thought"": ""Stream of thought 39 for Gap Year Student.""}"
Stream of thought 40 for Gap Year Student.,"{""profile_name"": ""Gap Year Student"", ""profile_description"": ""19-year-old student taking a break before college"", ""thought_number"": 40, ""stream_of_thought"": ""Stream of thought 40 for Gap Year Student.""}"
Stream of thought 41 for Gap Year Student.,"{""profile_name"": ""Gap Year Student"", ""profile_description"": ""19-year-old student taking a break before college"", ""thought_number"": 41, ""stream_of_thought"": ""Stream of thought 41 for Gap Year Student.""}"
Stream of thought 42 for Gap Year Student.,"{""profile_name"": ""Gap Year Student"", ""profile_description"": ""19-year-old student taking a break before college"", ""thought_number"": 42, ""stream_of_thought"": ""Stream of thought 42 for Gap Year Student.""}"
Stream of thought 43 for Gap Year Student.,"{""profile_name"": ""Gap Year Student"", ""profile_description"": ""19-year-old student taking a break before college"", ""thought_number"": 43, ""stream_of_thought"": ""Stream of thought 43 for Gap Year Student.""}"
Stream of thought 44 for Gap Year Student.,"{""profile_name"": ""Gap Year Student"", ""profile_description"": ""19-year-old student taking a break before college"", ""thought_number"": 44, ""stream_of_thought"": ""Stream of thought 44 for Gap Year Student.""}"
Stream of thought 45 for Gap Year Student.,"{""profile_name"": ""Gap Year Student"", ""profile_description"": ""19-year-old student taking a break before college"", ""thought_number"": 45, ""stream_of_thought"": ""Stream of thought 45 for Gap Year Student.""}"
Stream of thought 46 for Gap Year Student.,"{""profile_name"": ""Gap Year Student"", ""profile_description"": ""19-year-old student taking a break before college"", ""thought_number"": 46, ""stream_of_thought"": ""Stream of thought 46 for Gap Year Student.""}"
Stream of thought 47 for Gap Year Student.,"{""profile_name"": ""Gap Year Student"", ""profile_description"": ""19-year-old student taking a break before college"", ""thought_number"": 47, ""stream_of_thought"": ""Stream of thought 47 for Gap Year Student.""}"
Stream of thought 48 for Gap Year Student.,"{""profile_name"": ""Gap Year Student"", ""profile_description"": ""19-year-old student taking a break before college"", ""thought_number"": 48, ""stream_of_thought"": ""Stream of thought 48 for Gap Year Student.""}"
Stream of thought 49 for Gap Year Student.,"{""profile_name"": ""Gap Year Student"", ""profile_description"": ""19-year-old student taking a break before college"", ""thought_number"": 49, ""stream_of_thought"": ""Stream of thought 49 for Gap Year Student.""}"
Stream of thought 50 for Gap Year Student.,"{""profile_name"": ""Gap Year Student"", ""profile_description"": ""19-year-old student taking a break before college"", ""thought_number"": 50, ""stream_of_thought"": ""Stream of thought 50 for Gap Year Student.""}"
Stream of thought 1 for Young Parent Working Remotely.,"{""profile_name"": ""Young Parent Working Remotely"", ""profile_description"": ""32-year-old remote worker with a toddler at home"", ""thought_number"": 1, ""stream_of_thought"": ""Stream of thought 1 for Young Parent Working Remotely.""}"
Stream of thought 2 for Young Parent Working Remotely.,"{""profile_name"": ""Young Parent Working Remotely"", ""profile_description"": ""32-year-old remote worker with a toddler at home"", ""thought_number"": 2, ""stream_of_thought"": ""Stream of thought 2 for Young Parent Working Remotely.""}"
Stream of thought 3 for Young Parent Working Remotely.,"{""profile_name"": ""Young Parent Working Remotely"", ""profile_description"": ""32-year-old remote worker with a toddler at home"", ""thought_number"": 3, ""stream_of_thought"": ""Stream of thought 3 for Young Parent Working Remotely.""}"
Stream of thought 4 for Young Parent Working Remotely.,"{""profile_name"": ""Young Parent Working Remotely"", ""profile_description"": ""32-year-old remote worker with a toddler at home"", ""thought_number"": 4, ""stream_of_thought"": ""Stream of thought 4 for Young Parent Working Remotely.""}"
Stream of thought 5 for Young Parent Working Remotely.,"{""profile_name"": ""Young Parent Working Remotely"", ""profile_description"": ""32-year-old remote worker with a toddler at home"", ""thought_number"": 5, ""stream_of_thought"": ""Stream of thought 5 for Young Parent Working Remotely.""}"
Stream of thought 6 for Young Parent Working Remotely.,"{""profile_name"": ""Young Parent Working Remotely"", ""profile_description"": ""32-year-old remote worker with a toddler at home"", ""thought_number"": 6, ""stream_of_thought"": ""Stream of thought 6 for Young Parent Working Remotely.""}"
Stream of thought 7 for Young Parent Working Remotely.,"{""profile_name"": ""Young Parent Working Remotely"", ""profile_description"": ""32-year-old remote worker with a toddler at home"", ""thought_number"": 7, ""stream_of_thought"": ""Stream of thought 7 for Young Parent Working Remotely.""}"
Stream of thought 8 for Young Parent Working Remotely.,"{""profile_name"": ""Young Parent Working Remotely"", ""profile_description"": ""32-year-old remote worker with a toddler at home"", ""thought_number"": 8, ""stream_of_thought"": ""Stream of thought 8 for Young Parent Working Remotely.""}"
Stream of thought 9 for Young Parent Working Remotely.,"{""profile_name"": ""Young Parent Working Remotely"", ""profile_description"": ""32-year-old remote worker with a toddler at home"", ""thought_number"": 9, ""stream_of_thought"": ""Stream of thought 9 for Young Parent Working Remotely.""}"
Stream of thought 10 for Young Parent Working Remotely.,"{""profile_name"": ""Young Parent Working Remotely"", ""profile_description"": ""32-year-old remote worker with a toddler at home"", ""thought_number"": 10, ""stream_of_thought"": ""Stream of thought 10 for Young Parent Working Remotely.""}"
Stream of thought 11 for Young Parent Working Remotely.,"{""profile_name"": ""Young Parent Working Remotely"", ""profile_description"": ""32-year-old remote worker with a toddler at home"", ""thought_number"": 11, ""stream_of_thought"": ""Stream of thought 11 for Young Parent Working Remotely.""}"
Stream of thought 12 for Young Parent Working Remotely.,"{""profile_name"": ""Young Parent Working Remotely"", ""profile_description"": ""32-year-old remote worker with a toddler at home"", ""thought_number"": 12, ""stream_of_thought"": ""Stream of thought 12 for Young Parent Working Remotely.""}"
Stream of thought 13 for Young Parent Working Remotely.,"{""profile_name"": ""Young Parent Working Remotely"", ""profile_description"": ""32-year-old remote worker with a toddler at home"", ""thought_number"": 13, ""stream_of_thought"": ""Stream of thought 13 for Young Parent Working Remotely.""}"
Stream of thought 14 for Young Parent Working Remotely.,"{""profile_name"": ""Young Parent Working Remotely"", ""profile_description"": ""32-year-old remote worker with a toddler at home"", ""thought_number"": 14, ""stream_of_thought"": ""Stream of thought 14 for Young Parent Working Remotely.""}"
Stream of thought 15 for Young Parent Working Remotely.,"{""profile_name"": ""Young Parent Working Remotely"", ""profile_description"": ""32-year-old remote worker with a toddler at home"", ""thought_number"": 15, ""stream_of_thought"": ""Stream of thought 15 for Young Parent Working Remotely.""}"
Stream of thought 16 for Young Parent Working Remotely.,"{""profile_name"": ""Young Parent Working Remotely"", ""profile_description"": ""32-year-old remote worker with a toddler at home"", ""thought_number"": 16, ""stream_of_thought"": ""Stream of thought 16 for Young Parent Working Remotely.""}"
Stream of thought 17 for Young Parent Working Remotely.,"{""profile_name"": ""Young Parent Working Remotely"", ""profile_description"": ""32-year-old remote worker with a toddler at home"", ""thought_number"": 17, ""stream_of_thought"": ""Stream of thought 17 for Young Parent Working Remotely.""}"
Stream of thought 18 for Young Parent Working Remotely.,"{""profile_name"": ""Young Parent Working Remotely"", ""profile_description"": ""32-year-old remote worker with a toddler at home"", ""thought_number"": 18, ""stream_of_thought"": ""Stream of thought 18 for Young Parent Working Remotely.""}"
Stream of thought 19 for Young Parent Working Remotely.,"{""profile_name"": ""Young Parent Working Remotely"", ""profile_description"": ""32-year-old remote worker with a toddler at home"", ""thought_number"": 19, ""stream_of_thought"": ""Stream of thought 19 for Young Parent Working Remotely.""}"
Stream of thought 20 for Young Parent Working Remotely.,"{""profile_name"": ""Young Parent Working Remotely"", ""profile_description"": ""32-year-old remote worker with a toddler at home"", ""thought_number"": 20, ""stream_of_thought"": ""Stream of thought 20 for Young Parent Working Remotely.""}"
Stream of thought 21 for Young Parent Working Remotely.,"{""profile_name"": ""Young Parent Working Remotely"", ""profile_description"": ""32-year-old remote worker with a toddler at home"", ""thought_number"": 21, ""stream_of_thought"": ""Stream of thought 21 for Young Parent Working Remotely.""}"
Stream of thought 22 for Young Parent Working Remotely.,"{""profile_name"": ""Young Parent Working Remotely"", ""profile_description"": ""32-year-old remote worker with a toddler at home"", ""thought_number"": 22, ""stream_of_thought"": ""Stream of thought 22 for Young Parent Working Remotely.""}"
Stream of thought 23 for Young Parent Working Remotely.,"{""profile_name"": ""Young Parent Working Remotely"", ""profile_description"": ""32-year-old remote worker with a toddler at home"", ""thought_number"": 23, ""stream_of_thought"": ""Stream of thought 23 for Young Parent Working Remotely.""}"
Stream of thought 24 for Young Parent Working Remotely.,"{""profile_name"": ""Young Parent Working Remotely"", ""profile_description"": ""32-year-old remote worker with a toddler at home"", ""thought_number"": 24, ""stream_of_thought"": ""Stream of thought 24 for Young Parent Working Remotely.""}"
Stream of thought 25 for Young Parent Working Remotely.,"{""profile_name"": ""Young Parent Working Remotely"", ""profile_description"": ""32-year-old remote worker with a toddler at home"", ""thought_number"": 25, ""stream_of_thought"": ""Stream of thought 25 for Young Parent Working Remotely.""}"
Stream of thought 26 for Young Parent Working Remotely.,"{""profile_name"": ""Young Parent Working Remotely"", ""profile_description"": ""32-year-old remote worker with a toddler at home"", ""thought_number"": 26, ""stream_of_thought"": ""Stream of thought 26 for Young Parent Working Remotely.""}"
Stream of thought 27 for Young Parent Working Remotely.,"{""profile_name"": ""Young Parent Working Remotely"", ""profile_description"": ""32-year-old remote worker with a toddler at home"", ""thought_number"": 27, ""stream_of_thought"": ""Stream of thought 27 for Young Parent Working Remotely.""}"
Stream of thought 28 for Young Parent Working Remotely.,"{""profile_name"": ""Young Parent Working Remotely"", ""profile_description"": ""32-year-old remote worker with a toddler at home"", ""thought_number"": 28, ""stream_of_thought"": ""Stream of thought 28 for Young Parent Working Remotely.""}"
Stream of thought 29 for Young Parent Working Remotely.,"{""profile_name"": ""Young Parent Working Remotely"", ""profile_description"": ""32-year-old remote worker with a toddler at home"", ""thought_number"": 29, ""stream_of_thought"": ""Stream of thought 29 for Young Parent Working Remotely.""}"
Stream of thought 30 for Young Parent Working Remotely.,"{""profile_name"": ""Young Parent Working Remotely"", ""profile_description"": ""32-year-old remote worker with a toddler at home"", ""thought_number"": 30, ""stream_of_thought"": ""Stream of thought 30 for Young Parent Working Remotely.""}"
Stream of thought 31 for Young Parent Working Remotely.,"{""profile_name"": ""Young Parent Working Remotely"", ""profile_description"": ""32-year-old remote worker with a toddler at home"", ""thought_number"": 31, ""stream_of_thought"": ""Stream of thought 31 for Young Parent Working Remotely.""}"
Stream of thought 32 for Young Parent Working Remotely.,"{""profile_name"": ""Young Parent Working Remotely"", ""profile_description"": ""32-year-old remote worker with a toddler at home"", ""thought_number"": 32, ""stream_of_thought"": ""Stream of thought 32 for Young Parent Working Remotely.""}"
Stream of thought 33 for Young Parent Working Remotely.,"{""profile_name"": ""Young Parent Working Remotely"", ""profile_description"": ""32-year-old remote worker with a toddler at home"", ""thought_number"": 33, ""stream_of_thought"": ""Stream of thought 33 for Young Parent Working Remotely.""}"
Stream of thought 34 for Young Parent Working Remotely.,"{""profile_name"": ""Young Parent Working Remotely"", ""profile_description"": ""32-year-old remote worker with a toddler at home"", ""thought_number"": 34, ""stream_of_thought"": ""Stream of thought 34 for Young Parent Working Remotely.""}"
Stream of thought 35 for Young Parent Working Remotely.,"{""profile_name"": ""Young Parent Working Remotely"", ""profile_description"": ""32-year-old remote worker with a toddler at home"", ""thought_number"": 35, ""stream_of_thought"": ""Stream of thought 35 for Young Parent Working Remotely.""}"
Stream of thought 36 for Young Parent Working Remotely.,"{""profile_name"": ""Young Parent Working Remotely"", ""profile_description"": ""32-year-old remote worker with a toddler at home"", ""thought_number"": 36, ""stream_of_thought"": ""Stream of thought 36 for Young Parent Working Remotely.""}"
Stream of thought 37 for Young Parent Working Remotely.,"{""profile_name"": ""Young Parent Working Remotely"", ""profile_description"": ""32-year-old remote worker with a toddler at home"", ""thought_number"": 37, ""stream_of_thought"": ""Stream of thought 37 for Young Parent Working Remotely.""}"
Stream of thought 38 for Young Parent Working Remotely.,"{""profile_name"": ""Young Parent Working Remotely"", ""profile_description"": ""32-year-old remote worker with a toddler at home"", ""thought_number"": 38, ""stream_of_thought"": ""Stream of thought 38 for Young Parent Working Remotely.""}"
Stream of thought 39 for Young Parent Working Remotely.,"{""profile_name"": ""Young Parent Working Remotely"", ""profile_description"": ""32-year-old remote worker with a toddler at home"", ""thought_number"": 39, ""stream_of_thought"": ""Stream of thought 39 for Young Parent Working Remotely.""}"
Stream of thought 40 for Young Parent Working Remotely.,"{""profile_name"": ""Young Parent Working Remotely"", ""profile_description"": ""32-year-old remote worker with a toddler at home"", ""thought_number"": 40, ""stream_of_thought"": ""Stream of thought 40 for Young Parent Working Remotely.""}"
Stream of thought 41 for Young Parent Working Remotely.,"{""profile_name"": ""Young Parent Working Remotely"", ""profile_description"": ""32-year-old remote worker with a toddler at home"", ""thought_number"": 41, ""stream_of_thought"": ""Stream of thought 41 for Young Parent Working Remotely.""}"
Stream of thought 42 for Young Parent Working Remotely.,"{""profile_name"": ""Young Parent Working Remotely"", ""profile_description"": ""32-year-old remote worker with a toddler at home"", ""thought_number"": 42, ""stream_of_thought"": ""Stream of thought 42 for Young Parent Working Remotely.""}"
Stream of thought 43 for Young Parent Working Remotely.,"{""profile_name"": ""Young Parent Working Remotely"", ""profile_description"": ""32-year-old remote worker with a toddler at home"", ""thought_number"": 43, ""stream_of_thought"": ""Stream of thought 43 for Young Parent Working Remotely.""}"
Stream of thought 44 for Young Parent Working Remotely.,"{""profile_name"": ""Young Parent Working Remotely"", ""profile_description"": ""32-year-old remote worker with a toddler at home"", ""thought_number"": 44, ""stream_of_thought"": ""Stream of thought 44 for Young Parent Working Remotely.""}"
Stream of thought 45 for Young Parent Working Remotely.,"{""profile_name"": ""Young Parent Working Remotely"", ""profile_description"": ""32-year-old remote worker with a toddler at home"", ""thought_number"": 45, ""stream_of_thought"": ""Stream of thought 45 for Young Parent Working Remotely.""}"
Stream of thought 46 for Young Parent Working Remotely.,"{""profile_name"": ""Young Parent Working Remotely"", ""profile_description"": ""32-year-old remote worker with a toddler at home"", ""thought_number"": 46, ""stream_of_thought"": ""Stream of thought 46 for Young Parent Working Remotely.""}"
Stream of thought 47 for Young Parent Working Remotely.,"{""profile_name"": ""Young Parent Working Remotely"", ""profile_description"": ""32-year-old remote worker with a toddler at home"", ""thought_number"": 47, ""stream_of_thought"": ""Stream of thought 47 for Young Parent Working Remotely.""}"
Stream of thought 48 for Young Parent Working Remotely.,"{""profile_name"": ""Young Parent Working Remotely"", ""profile_description"": ""32-year-old remote worker with a toddler at home"", ""thought_number"": 48, ""stream_of_thought"": ""Stream of thought 48 for Young Parent Working Remotely.""}"
Stream of thought 49 for Young Parent Working Remotely.,"{""profile_name"": ""Young Parent Working Remotely"", ""profile_description"": ""32-year-old remote worker with a toddler at home"", ""thought_number"": 49, ""stream_of_thought"": ""Stream of thought 49 for Young Parent Working Remotely.""}"
Stream of thought 50 for Young Parent Working Remotely.,"{""profile_name"": ""Young Parent Working Remotely"", ""profile_description"": ""32-year-old remote worker with a toddler at home"", ""thought_number"": 50, ""stream_of_thought"": ""Stream of thought 50 for Young Parent Working Remotely.""}"
Stream of thought 1 for Freelancer with ADHD.,"{""profile_name"": ""Freelancer with ADHD"", ""profile_description"": ""29-year-old designer with diagnosed ADHD"", ""thought_number"": 1, ""stream_of_thought"": ""Stream of thought 1 for Freelancer with ADHD.""}"
Stream of thought 2 for Freelancer with ADHD.,"{""profile_name"": ""Freelancer with ADHD"", ""profile_description"": ""29-year-old designer with diagnosed ADHD"", ""thought_number"": 2, ""stream_of_thought"": ""Stream of thought 2 for Freelancer with ADHD.""}"
Stream of thought 3 for Freelancer with ADHD.,"{""profile_name"": ""Freelancer with ADHD"", ""profile_description"": ""29-year-old designer with diagnosed ADHD"", ""thought_number"": 3, ""stream_of_thought"": ""Stream of thought 3 for Freelancer with ADHD.""}"
Stream of thought 4 for Freelancer with ADHD.,"{""profile_name"": ""Freelancer with ADHD"", ""profile_description"": ""29-year-old designer with diagnosed ADHD"", ""thought_number"": 4, ""stream_of_thought"": ""Stream of thought 4 for Freelancer with ADHD.""}"
Stream of thought 5 for Freelancer with ADHD.,"{""profile_name"": ""Freelancer with ADHD"", ""profile_description"": ""29-year-old designer with diagnosed ADHD"", ""thought_number"": 5, ""stream_of_thought"": ""Stream of thought 5 for Freelancer with ADHD.""}"
Stream of thought 6 for Freelancer with ADHD.,"{""profile_name"": ""Freelancer with ADHD"", ""profile_description"": ""29-year-old designer with diagnosed ADHD"", ""thought_number"": 6, ""stream_of_thought"": ""Stream of thought 6 for Freelancer with ADHD.""}"
Stream of thought 7 for Freelancer with ADHD.,"{""profile_name"": ""Freelancer with ADHD"", ""profile_description"": ""29-year-old designer with diagnosed ADHD"", ""thought_number"": 7, ""stream_of_thought"": ""Stream of thought 7 for Freelancer with ADHD.""}"
Stream of thought 8 for Freelancer with ADHD.,"{""profile_name"": ""Freelancer with ADHD"", ""profile_description"": ""29-year-old designer with diagnosed ADHD"", ""thought_number"": 8, ""stream_of_thought"": ""Stream of thought 8 for Freelancer with ADHD.""}"
Stream of thought 9 for Freelancer with ADHD.,"{""profile_name"": ""Freelancer with ADHD"", ""profile_description"": ""29-year-old designer with diagnosed ADHD"", ""thought_number"": 9, ""stream_of_thought"": ""Stream of thought 9 for Freelancer with ADHD.""}"
Stream of thought 10 for Freelancer with ADHD.,"{""profile_name"": ""Freelancer with ADHD"", ""profile_description"": ""29-year-old designer with diagnosed ADHD"", ""thought_number"": 10, ""stream_of_thought"": ""Stream of thought 10 for Freelancer with ADHD.""}"
Stream of thought 11 for Freelancer with ADHD.,"{""profile_name"": ""Freelancer with ADHD"", ""profile_description"": ""29-year-old designer with diagnosed ADHD"", ""thought_number"": 11, ""stream_of_thought"": ""Stream of thought 11 for Freelancer with ADHD.""}"
Stream of thought 12 for Freelancer with ADHD.,"{""profile_name"": ""Freelancer with ADHD"", ""profile_description"": ""29-year-old designer with diagnosed ADHD"", ""thought_number"": 12, ""stream_of_thought"": ""Stream of thought 12 for Freelancer with ADHD.""}"
Stream of thought 13 for Freelancer with ADHD.,"{""profile_name"": ""Freelancer with ADHD"", ""profile_description"": ""29-year-old designer with diagnosed ADHD"", ""thought_number"": 13, ""stream_of_thought"": ""Stream of thought 13 for Freelancer with ADHD.""}"
Stream of thought 14 for Freelancer with ADHD.,"{""profile_name"": ""Freelancer with ADHD"", ""profile_description"": ""29-year-old designer with diagnosed ADHD"", ""thought_number"": 14, ""stream_of_thought"": ""Stream of thought 14 for Freelancer with ADHD.""}"
Stream of thought 15 for Freelancer with ADHD.,"{""profile_name"": ""Freelancer with ADHD"", ""profile_description"": ""29-year-old designer with diagnosed ADHD"", ""thought_number"": 15, ""stream_of_thought"": ""Stream of thought 15 for Freelancer with ADHD.""}"
Stream of thought 16 for Freelancer with ADHD.,"{""profile_name"": ""Freelancer with ADHD"", ""profile_description"": ""29-year-old designer with diagnosed ADHD"", ""thought_number"": 16, ""stream_of_thought"": ""Stream of thought 16 for Freelancer with ADHD.""}"
Stream of thought 17 for Freelancer with ADHD.,"{""profile_name"": ""Freelancer with ADHD"", ""profile_description"": ""29-year-old designer with diagnosed ADHD"", ""thought_number"": 17, ""stream_of_thought"": ""Stream of thought 17 for Freelancer with ADHD.""}"
Stream of thought 18 for Freelancer with ADHD.,"{""profile_name"": ""Freelancer with ADHD"", ""profile_description"": ""29-year-old designer with diagnosed ADHD"", ""thought_number"": 18, ""stream_of_thought"": ""Stream of thought 18 for Freelancer with ADHD.""}"
Stream of thought 19 for Freelancer with ADHD.,"{""profile_name"": ""Freelancer with ADHD"", ""profile_description"": ""29-year-old designer with diagnosed ADHD"", ""thought_number"": 19, ""stream_of_thought"": ""Stream of thought 19 for Freelancer with ADHD.""}"
Stream of thought 20 for Freelancer with ADHD.,"{""profile_name"": ""Freelancer with ADHD"", ""profile_description"": ""29-year-old designer with diagnosed ADHD"", ""thought_number"": 20, ""stream_of_thought"": ""Stream of thought 20 for Freelancer with ADHD.""}"
Stream of thought 21 for Freelancer with ADHD.,"{""profile_name"": ""Freelancer with ADHD"", ""profile_description"": ""29-year-old designer with diagnosed ADHD"", ""thought_number"": 21, ""stream_of_thought"": ""Stream of thought 21 for Freelancer with ADHD.""}"
Stream of thought 22 for Freelancer with ADHD.,"{""profile_name"": ""Freelancer with ADHD"", ""profile_description"": ""29-year-old designer with diagnosed ADHD"", ""thought_number"": 22, ""stream_of_thought"": ""Stream of thought 22 for Freelancer with ADHD.""}"
Stream of thought 23 for Freelancer with ADHD.,"{""profile_name"": ""Freelancer with ADHD"", ""profile_description"": ""29-year-old designer with diagnosed ADHD"", ""thought_number"": 23, ""stream_of_thought"": ""Stream of thought 23 for Freelancer with ADHD.""}"
Stream of thought 24 for Freelancer with ADHD.,"{""profile_name"": ""Freelancer with ADHD"", ""profile_description"": ""29-year-old designer with diagnosed ADHD"", ""thought_number"": 24, ""stream_of_thought"": ""Stream of thought 24 for Freelancer with ADHD.""}"
Stream of thought 25 for Freelancer with ADHD.,"{""profile_name"": ""Freelancer with ADHD"", ""profile_description"": ""29-year-old designer with diagnosed ADHD"", ""thought_number"": 25, ""stream_of_thought"": ""Stream of thought 25 for Freelancer with ADHD.""}"
Stream of thought 26 for Freelancer with ADHD.,"{""profile_name"": ""Freelancer with ADHD"", ""profile_description"": ""29-year-old designer with diagnosed ADHD"", ""thought_number"": 26, ""stream_of_thought"": ""Stream of thought 26 for Freelancer with ADHD.""}"
Stream of thought 27 for Freelancer with ADHD.,"{""profile_name"": ""Freelancer with ADHD"", ""profile_description"": ""29-year-old designer with diagnosed ADHD"", ""thought_number"": 27, ""stream_of_thought"": ""Stream of thought 27 for Freelancer with ADHD.""}"
Stream of thought 28 for Freelancer with ADHD.,"{""profile_name"": ""Freelancer with ADHD"", ""profile_description"": ""29-year-old designer with diagnosed ADHD"", ""thought_number"": 28, ""stream_of_thought"": ""Stream of thought 28 for Freelancer with ADHD.""}"
Stream of thought 29 for Freelancer with ADHD.,"{""profile_name"": ""Freelancer with ADHD"", ""profile_description"": ""29-year-old designer with diagnosed ADHD"", ""thought_number"": 29, ""stream_of_thought"": ""Stream of thought 29 for Freelancer with ADHD.""}"
Stream of thought 30 for Freelancer with ADHD.,"{""profile_name"": ""Freelancer with ADHD"", ""profile_description"": ""29-year-old designer with diagnosed ADHD"", ""thought_number"": 30, ""stream_of_thought"": ""Stream of thought 30 for Freelancer with ADHD.""}"
Stream of thought 31 for Freelancer with ADHD.,"{""profile_name"": ""Freelancer with ADHD"", ""profile_description"": ""29-year-old designer with diagnosed ADHD"", ""thought_number"": 31, ""stream_of_thought"": ""Stream of thought 31 for Freelancer with ADHD.""}"
Stream of thought 32 for Freelancer with ADHD.,"{""profile_name"": ""Freelancer with ADHD"", ""profile_description"": ""29-year-old designer with diagnosed ADHD"", ""thought_number"": 32, ""stream_of_thought"": ""Stream of thought 32 for Freelancer with ADHD.""}"
Stream of thought 33 for Freelancer with ADHD.,"{""profile_name"": ""Freelancer with ADHD"", ""profile_description"": ""29-year-old designer with diagnosed ADHD"", ""thought_number"": 33, ""stream_of_thought"": ""Stream of thought 33 for Freelancer with ADHD.""}"
Stream of thought 34 for Freelancer with ADHD.,"{""profile_name"": ""Freelancer with ADHD"", ""profile_description"": ""29-year-old designer with diagnosed ADHD"", ""thought_number"": 34, ""stream_of_thought"": ""Stream of thought 34 for Freelancer with ADHD.""}"
Stream of thought 35 for Freelancer with ADHD.,"{""profile_name"": ""Freelancer with ADHD"", ""profile_description"": ""29-year-old designer with diagnosed ADHD"", ""thought_number"": 35, ""stream_of_thought"": ""Stream of thought 35 for Freelancer with ADHD.""}"
Stream of thought 36 for Freelancer with ADHD.,"{""profile_name"": ""Freelancer with ADHD"", ""profile_description"": ""29-year-old designer with diagnosed ADHD"", ""thought_number"": 36, ""stream_of_thought"": ""Stream of thought 36 for Freelancer with ADHD.""}"
Stream of thought 37 for Freelancer with ADHD.,"{""profile_name"": ""Freelancer with ADHD"", ""profile_description"": ""29-year-old designer with diagnosed ADHD"", ""thought_number"": 37, ""stream_of_thought"": ""Stream of thought 37 for Freelancer with ADHD.""}"
Stream of thought 38 for Freelancer with ADHD.,"{""profile_name"": ""Freelancer with ADHD"", ""profile_description"": ""29-year-old designer with diagnosed ADHD"", ""thought_number"": 38, ""stream_of_thought"": ""Stream of thought 38 for Freelancer with ADHD.""}"
Stream of thought 39 for Freelancer with ADHD.,"{""profile_name"": ""Freelancer with ADHD"", ""profile_description"": ""29-year-old designer with diagnosed ADHD"", ""thought_number"": 39, ""stream_of_thought"": ""Stream of thought 39 for Freelancer with ADHD.""}"
Stream of thought 40 for Freelancer with ADHD.,"{""profile_name"": ""Freelancer with ADHD"", ""profile_description"": ""29-year-old designer with diagnosed ADHD"", ""thought_number"": 40, ""stream_of_thought"": ""Stream of thought 40 for Freelancer with ADHD.""}"
Stream of thought 41 for Freelancer with ADHD.,"{""profile_name"": ""Freelancer with ADHD"", ""profile_description"": ""29-year-old designer with diagnosed ADHD"", ""thought_number"": 41, ""stream_of_thought"": ""Stream of thought 41 for Freelancer with ADHD.""}"
Stream of thought 42 for Freelancer with ADHD.,"{""profile_name"": ""Freelancer with ADHD"", ""profile_description"": ""29-year-old designer with diagnosed ADHD"", ""thought_number"": 42, ""stream_of_thought"": ""Stream of thought 42 for Freelancer with ADHD.""}"
Stream of thought 43 for Freelancer with ADHD.,"{""profile_name"": ""Freelancer with ADHD"", ""profile_description"": ""29-year-old designer with diagnosed ADHD"", ""thought_number"": 43, ""stream_of_thought"": ""Stream of thought 43 for Freelancer with ADHD.""}"
Stream of thought 44 for Freelancer with ADHD.,"{""profile_name"": ""Freelancer with ADHD"", ""profile_description"": ""29-year-old designer with diagnosed ADHD"", ""thought_number"": 44, ""stream_of_thought"": ""Stream of thought 44 for Freelancer with ADHD.""}"
Stream of thought 45 for Freelancer with ADHD.,"{""profile_name"": ""Freelancer with ADHD"", ""profile_description"": ""29-year-old designer with diagnosed ADHD"", ""thought_number"": 45, ""stream_of_thought"": ""Stream of thought 45 for Freelancer with ADHD.""}"
Stream of thought 46 for Freelancer with ADHD.,"{""profile_name"": ""Freelancer with ADHD"", ""profile_description"": ""29-year-old designer with diagnosed ADHD"", ""thought_number"": 46, ""stream_of_thought"": ""Stream of thought 46 for Freelancer with ADHD.""}"
Stream of thought 47 for Freelancer with ADHD.,"{""profile_name"": ""Freelancer with ADHD"", ""profile_description"": ""29-year-old designer with diagnosed ADHD"", ""thought_number"": 47, ""stream_of_thought"": ""Stream of thought 47 for Freelancer with ADHD.""}"
Stream of thought 48 for Freelancer with ADHD.,"{""profile_name"": ""Freelancer with ADHD"", ""profile_description"": ""29-year-old designer with diagnosed ADHD"", ""thought_number"": 48, ""stream_of_thought"": ""Stream of thought 48 for Freelancer with ADHD.""}"
Stream of thought 49 for Freelancer with ADHD.,"{""profile_name"": ""Freelancer with ADHD"", ""profile_description"": ""29-year-old designer with diagnosed ADHD"", ""thought_number"": 49, ""stream_of_thought"": ""Stream of thought 49 for Freelancer with ADHD.""}"
Stream of thought 50 for Freelancer with ADHD.,"{""profile_name"": ""Freelancer with ADHD"", ""profile_description"": ""29-year-old designer with diagnosed ADHD"", ""thought_number"": 50, ""stream_of_thought"": ""Stream of thought 50 for Freelancer with ADHD.""}"
Stream of thought 1 for Corporate Professional Seeking Balance.,"{""profile_name"": ""Corporate Professional Seeking Balance"", ""profile_description"": ""45-year-old manager in a multinational company"", ""thought_number"": 1, ""stream_of_thought"": ""Stream of thought 1 for Corporate Professional Seeking Balance.""}"
Stream of thought 2 for Corporate Professional Seeking Balance.,"{""profile_name"": ""Corporate Professional Seeking Balance"", ""profile_description"": ""45-year-old manager in a multinational company"", ""thought_number"": 2, ""stream_of_thought"": ""Stream of thought 2 for Corporate Professional Seeking Balance.""}"
Stream of thought 3 for Corporate Professional Seeking Balance.,"{""profile_name"": ""Corporate Professional Seeking Balance"", ""profile_description"": ""45-year-old manager in a multinational company"", ""thought_number"": 3, ""stream_of_thought"": ""Stream of thought 3 for Corporate Professional Seeking Balance.""}"
Stream of thought 4 for Corporate Professional Seeking Balance.,"{""profile_name"": ""Corporate Professional Seeking Balance"", ""profile_description"": ""45-year-old manager in a multinational company"", ""thought_number"": 4, ""stream_of_thought"": ""Stream of thought 4 for Corporate Professional Seeking Balance.""}"
Stream of thought 5 for Corporate Professional Seeking Balance.,"{""profile_name"": ""Corporate Professional Seeking Balance"", ""profile_description"": ""45-year-old manager in a multinational company"", ""thought_number"": 5, ""stream_of_thought"": ""Stream of thought 5 for Corporate Professional Seeking Balance.""}"
Stream of thought 6 for Corporate Professional Seeking Balance.,"{""profile_name"": ""Corporate Professional Seeking Balance"", ""profile_description"": ""45-year-old manager in a multinational company"", ""thought_number"": 6, ""stream_of_thought"": ""Stream of thought 6 for Corporate Professional Seeking Balance.""}"
Stream of thought 7 for Corporate Professional Seeking Balance.,"{""profile_name"": ""Corporate Professional Seeking Balance"", ""profile_description"": ""45-year-old manager in a multinational company"", ""thought_number"": 7, ""stream_of_thought"": ""Stream of thought 7 for Corporate Professional Seeking Balance.""}"
Stream of thought 8 for Corporate Professional Seeking Balance.,"{""profile_name"": ""Corporate Professional Seeking Balance"", ""profile_description"": ""45-year-old manager in a multinational company"", ""thought_number"": 8, ""stream_of_thought"": ""Stream of thought 8 for Corporate Professional Seeking Balance.""}"
Stream of thought 9 for Corporate Professional Seeking Balance.,"{""profile_name"": ""Corporate Professional Seeking Balance"", ""profile_description"": ""45-year-old manager in a multinational company"", ""thought_number"": 9, ""stream_of_thought"": ""Stream of thought 9 for Corporate Professional Seeking Balance.""}"
Stream of thought 10 for Corporate Professional Seeking Balance.,"{""profile_name"": ""Corporate Professional Seeking Balance"", ""profile_description"": ""45-year-old manager in a multinational company"", ""thought_number"": 10, ""stream_of_thought"": ""Stream of thought 10 for Corporate Professional Seeking Balance.""}"
Stream of thought 11 for Corporate Professional Seeking Balance.,"{""profile_name"": ""Corporate Professional Seeking Balance"", ""profile_description"": ""45-year-old manager in a multinational company"", ""thought_number"": 11, ""stream_of_thought"": ""Stream of thought 11 for Corporate Professional Seeking Balance.""}"
Stream of thought 12 for Corporate Professional Seeking Balance.,"{""profile_name"": ""Corporate Professional Seeking Balance"", ""profile_description"": ""45-year-old manager in a multinational company"", ""thought_number"": 12, ""stream_of_thought"": ""Stream of thought 12 for Corporate Professional Seeking Balance.""}"
Stream of thought 13 for Corporate Professional Seeking Balance.,"{""profile_name"": ""Corporate Professional Seeking Balance"", ""profile_description"": ""45-year-old manager in a multinational company"", ""thought_number"": 13, ""stream_of_thought"": ""Stream of thought 13 for Corporate Professional Seeking Balance.""}"
Stream of thought 14 for Corporate Professional Seeking Balance.,"{""profile_name"": ""Corporate Professional Seeking Balance"", ""profile_description"": ""45-year-old manager in a multinational company"", ""thought_number"": 14, ""stream_of_thought"": ""Stream of thought 14 for Corporate Professional Seeking Balance.""}"
Stream of thought 15 for Corporate Professional Seeking Balance.,"{""profile_name"": ""Corporate Professional Seeking Balance"", ""profile_description"": ""45-year-old manager in a multinational company"", ""thought_number"": 15, ""stream_of_thought"": ""Stream of thought 15 for Corporate Professional Seeking Balance.""}"
Stream of thought 16 for Corporate Professional Seeking Balance.,"{""profile_name"": ""Corporate Professional Seeking Balance"", ""profile_description"": ""45-year-old manager in a multinational company"", ""thought_number"": 16, ""stream_of_thought"": ""Stream of thought 16 for Corporate Professional Seeking Balance.""}"
Stream of thought 17 for Corporate Professional Seeking Balance.,"{""profile_name"": ""Corporate Professional Seeking Balance"", ""profile_description"": ""45-year-old manager in a multinational company"", ""thought_number"": 17, ""stream_of_thought"": ""Stream of thought 17 for Corporate Professional Seeking Balance.""}"
Stream of thought 18 for Corporate Professional Seeking Balance.,"{""profile_name"": ""Corporate Professional Seeking Balance"", ""profile_description"": ""45-year-old manager in a multinational company"", ""thought_number"": 18, ""stream_of_thought"": ""Stream of thought 18 for Corporate Professional Seeking Balance.""}"
Stream of thought 19 for Corporate Professional Seeking Balance.,"{""profile_name"": ""Corporate Professional Seeking Balance"", ""profile_description"": ""45-year-old manager in a multinational company"", ""thought_number"": 19, ""stream_of_thought"": ""Stream of thought 19 for Corporate Professional Seeking Balance.""}"
Stream of thought 20 for Corporate Professional Seeking Balance.,"{""profile_name"": ""Corporate Professional Seeking Balance"", ""profile_description"": ""45-year-old manager in a multinational company"", ""thought_number"": 20, ""stream_of_thought"": ""Stream of thought 20 for Corporate Professional Seeking Balance.""}"
Stream of thought 21 for Corporate Professional Seeking Balance.,"{""profile_name"": ""Corporate Professional Seeking Balance"", ""profile_description"": ""45-year-old manager in a multinational company"", ""thought_number"": 21, ""stream_of_thought"": ""Stream of thought 21 for Corporate Professional Seeking Balance.""}"
Stream of thought 22 for Corporate Professional Seeking Balance.,"{""profile_name"": ""Corporate Professional Seeking Balance"", ""profile_description"": ""45-year-old manager in a multinational company"", ""thought_number"": 22, ""stream_of_thought"": ""Stream of thought 22 for Corporate Professional Seeking Balance.""}"
Stream of thought 23 for Corporate Professional Seeking Balance.,"{""profile_name"": ""Corporate Professional Seeking Balance"", ""profile_description"": ""45-year-old manager in a multinational company"", ""thought_number"": 23, ""stream_of_thought"": ""Stream of thought 23 for Corporate Professional Seeking Balance.""}"
Stream of thought 24 for Corporate Professional Seeking Balance.,"{""profile_name"": ""Corporate Professional Seeking Balance"", ""profile_description"": ""45-year-old manager in a multinational company"", ""thought_number"": 24, ""stream_of_thought"": ""Stream of thought 24 for Corporate Professional Seeking Balance.""}"
Stream of thought 25 for Corporate Professional Seeking Balance.,"{""profile_name"": ""Corporate Professional Seeking Balance"", ""profile_description"": ""45-year-old manager in a multinational company"", ""thought_number"": 25, ""stream_of_thought"": ""Stream of thought 25 for Corporate Professional Seeking Balance.""}"
Stream of thought 26 for Corporate Professional Seeking Balance.,"{""profile_name"": ""Corporate Professional Seeking Balance"", ""profile_description"": ""45-year-old manager in a multinational company"", ""thought_number"": 26, ""stream_of_thought"": ""Stream of thought 26 for Corporate Professional Seeking Balance.""}"
Stream of thought 27 for Corporate Professional Seeking Balance.,"{""profile_name"": ""Corporate Professional Seeking Balance"", ""profile_description"": ""45-year-old manager in a multinational company"", ""thought_number"": 27, ""stream_of_thought"": ""Stream of thought 27 for Corporate Professional Seeking Balance.""}"
Stream of thought 28 for Corporate Professional Seeking Balance.,"{""profile_name"": ""Corporate Professional Seeking Balance"", ""profile_description"": ""45-year-old manager in a multinational company"", ""thought_number"": 28, ""stream_of_thought"": ""Stream of thought 28 for Corporate Professional Seeking Balance.""}"
Stream of thought 29 for Corporate Professional Seeking Balance.,"{""profile_name"": ""Corporate Professional Seeking Balance"", ""profile_description"": ""45-year-old manager in a multinational company"", ""thought_number"": 29, ""stream_of_thought"": ""Stream of thought 29 for Corporate Professional Seeking Balance.""}"
Stream of thought 30 for Corporate Professional Seeking Balance.,"{""profile_name"": ""Corporate Professional Seeking Balance"", ""profile_description"": ""45-year-old manager in a multinational company"", ""thought_number"": 30, ""stream_of_thought"": ""Stream of thought 30 for Corporate Professional Seeking Balance.""}"
Stream of thought 31 for Corporate Professional Seeking Balance.,"{""profile_name"": ""Corporate Professional Seeking Balance"", ""profile_description"": ""45-year-old manager in a multinational company"", ""thought_number"": 31, ""stream_of_thought"": ""Stream of thought 31 for Corporate Professional Seeking Balance.""}"
Stream of thought 32 for Corporate Professional Seeking Balance.,"{""profile_name"": ""Corporate Professional Seeking Balance"", ""profile_description"": ""45-year-old manager in a multinational company"", ""thought_number"": 32, ""stream_of_thought"": ""Stream of thought 32 for Corporate Professional Seeking Balance.""}"
Stream of thought 33 for Corporate Professional Seeking Balance.,"{""profile_name"": ""Corporate Professional Seeking Balance"", ""profile_description"": ""45-year-old manager in a multinational company"", ""thought_number"": 33, ""stream_of_thought"": ""Stream of thought 33 for Corporate Professional Seeking Balance.""}"
Stream of thought 34 for Corporate Professional Seeking Balance.,"{""profile_name"": ""Corporate Professional Seeking Balance"", ""profile_description"": ""45-year-old manager in a multinational company"", ""thought_number"": 34, ""stream_of_thought"": ""Stream of thought 34 for Corporate Professional Seeking Balance.""}"
Stream of thought 35 for Corporate Professional Seeking Balance.,"{""profile_name"": ""Corporate Professional Seeking Balance"", ""profile_description"": ""45-year-old manager in a multinational company"", ""thought_number"": 35, ""stream_of_thought"": ""Stream of thought 35 for Corporate Professional Seeking Balance.""}"
Stream of thought 36 for Corporate Professional Seeking Balance.,"{""profile_name"": ""Corporate Professional Seeking Balance"", ""profile_description"": ""45-year-old manager in a multinational company"", ""thought_number"": 36, ""stream_of_thought"": ""Stream of thought 36 for Corporate Professional Seeking Balance.""}"
Stream of thought 37 for Corporate Professional Seeking Balance.,"{""profile_name"": ""Corporate Professional Seeking Balance"", ""profile_description"": ""45-year-old manager in a multinational company"", ""thought_number"": 37, ""stream_of_thought"": ""Stream of thought 37 for Corporate Professional Seeking Balance.""}"
Stream of thought 38 for Corporate Professional Seeking Balance.,"{""profile_name"": ""Corporate Professional Seeking Balance"", ""profile_description"": ""45-year-old manager in a multinational company"", ""thought_number"": 38, ""stream_of_thought"": ""Stream of thought 38 for Corporate Professional Seeking Balance.""}"
Stream of thought 39 for Corporate Professional Seeking Balance.,"{""profile_name"": ""Corporate Professional Seeking Balance"", ""profile_description"": ""45-year-old manager in a multinational company"", ""thought_number"": 39, ""stream_of_thought"": ""Stream of thought 39 for Corporate Professional Seeking Balance.""}"
Stream of thought 40 for Corporate Professional Seeking Balance.,"{""profile_name"": ""Corporate Professional Seeking Balance"", ""profile_description"": ""45-year-old manager in a multinational company"", ""thought_number"": 40, ""stream_of_thought"": ""Stream of thought 40 for Corporate Professional Seeking Balance.""}"
Stream of thought 41 for Corporate Professional Seeking Balance.,"{""profile_name"": ""Corporate Professional Seeking Balance"", ""profile_description"": ""45-year-old manager in a multinational company"", ""thought_number"": 41, ""stream_of_thought"": ""Stream of thought 41 for Corporate Professional Seeking Balance.""}"
Stream of thought 42 for Corporate Professional Seeking Balance.,"{""profile_name"": ""Corporate Professional Seeking Balance"", ""profile_description"": ""45-year-old manager in a multinational company"", ""thought_number"": 42, ""stream_of_thought"": ""Stream of thought 42 for Corporate Professional Seeking Balance.""}"
Stream of thought 43 for Corporate Professional Seeking Balance.,"{""profile_name"": ""Corporate Professional Seeking Balance"", ""profile_description"": ""45-year-old manager in a multinational company"", ""thought_number"": 43, ""stream_of_thought"": ""Stream of thought 43 for Corporate Professional Seeking Balance.""}"
Stream of thought 44 for Corporate Professional Seeking Balance.,"{""profile_name"": ""Corporate Professional Seeking Balance"", ""profile_description"": ""45-year-old manager in a multinational company"", ""thought_number"": 44, ""stream_of_thought"": ""Stream of thought 44 for Corporate Professional Seeking Balance.""}"
Stream of thought 45 for Corporate Professional Seeking Balance.,"{""profile_name"": ""Corporate Professional Seeking Balance"", ""profile_description"": ""45-year-old manager in a multinational company"", ""thought_number"": 45, ""stream_of_thought"": ""Stream of thought 45 for Corporate Professional Seeking Balance.""}"
Stream of thought 46 for Corporate Professional Seeking Balance.,"{""profile_name"": ""Corporate Professional Seeking Balance"", ""profile_description"": ""45-year-old manager in a multinational company"", ""thought_number"": 46, ""stream_of_thought"": ""Stream of thought 46 for Corporate Professional Seeking Balance.""}"
Stream of thought 47 for Corporate Professional Seeking Balance.,"{""profile_name"": ""Corporate Professional Seeking Balance"", ""profile_description"": ""45-year-old manager in a multinational company"", ""thought_number"": 47, ""stream_of_thought"": ""Stream of thought 47 for Corporate Professional Seeking Balance.""}"
Stream of thought 48 for Corporate Professional Seeking Balance.,"{""profile_name"": ""Corporate Professional Seeking Balance"", ""profile_description"": ""45-year-old manager in a multinational company"", ""thought_number"": 48, ""stream_of_thought"": ""Stream of thought 48 for Corporate Professional Seeking Balance.""}"
Stream of thought 49 for Corporate Professional Seeking Balance.,"{""profile_name"": ""Corporate Professional Seeking Balance"", ""profile_description"": ""45-year-old manager in a multinational company"", ""thought_number"": 49, ""stream_of_thought"": ""Stream of thought 49 for Corporate Professional Seeking Balance.""}"
Stream of thought 50 for Corporate Professional Seeking Balance.,"{""profile_name"": ""Corporate Professional Seeking Balance"", ""profile_description"": ""45-year-old manager in a multinational company"", ""thought_number"": 50, ""stream_of_thought"": ""Stream of thought 50 for Corporate Professional Seeking Balance.""}"
Stream of thought 1 for Retreat Center Coordinator.,"{""profile_name"": ""Retreat Center Coordinator"", ""profile_description"": ""40-year-old managing a wellness retreat in the hills"", ""thought_number"": 1, ""stream_of_thought"": ""Stream of thought 1 for Retreat Center Coordinator.""}"
Stream of thought 2 for Retreat Center Coordinator.,"{""profile_name"": ""Retreat Center Coordinator"", ""profile_description"": ""40-year-old managing a wellness retreat in the hills"", ""thought_number"": 2, ""stream_of_thought"": ""Stream of thought 2 for Retreat Center Coordinator.""}"
Stream of thought 3 for Retreat Center Coordinator.,"{""profile_name"": ""Retreat Center Coordinator"", ""profile_description"": ""40-year-old managing a wellness retreat in the hills"", ""thought_number"": 3, ""stream_of_thought"": ""Stream of thought 3 for Retreat Center Coordinator.""}"
Stream of thought 4 for Retreat Center Coordinator.,"{""profile_name"": ""Retreat Center Coordinator"", ""profile_description"": ""40-year-old managing a wellness retreat in the hills"", ""thought_number"": 4, ""stream_of_thought"": ""Stream of thought 4 for Retreat Center Coordinator.""}"
Stream of thought 5 for Retreat Center Coordinator.,"{""profile_name"": ""Retreat Center Coordinator"", ""profile_description"": ""40-year-old managing a wellness retreat in the hills"", ""thought_number"": 5, ""stream_of_thought"": ""Stream of thought 5 for Retreat Center Coordinator.""}"
Stream of thought 6 for Retreat Center Coordinator.,"{""profile_name"": ""Retreat Center Coordinator"", ""profile_description"": ""40-year-old managing a wellness retreat in the hills"", ""thought_number"": 6, ""stream_of_thought"": ""Stream of thought 6 for Retreat Center Coordinator.""}"
Stream of thought 7 for Retreat Center Coordinator.,"{""profile_name"": ""Retreat Center Coordinator"", ""profile_description"": ""40-year-old managing a wellness retreat in the hills"", ""thought_number"": 7, ""stream_of_thought"": ""Stream of thought 7 for Retreat Center Coordinator.""}"
Stream of thought 8 for Retreat Center Coordinator.,"{""profile_name"": ""Retreat Center Coordinator"", ""profile_description"": ""40-year-old managing a wellness retreat in the hills"", ""thought_number"": 8, ""stream_of_thought"": ""Stream of thought 8 for Retreat Center Coordinator.""}"
Stream of thought 9 for Retreat Center Coordinator.,"{""profile_name"": ""Retreat Center Coordinator"", ""profile_description"": ""40-year-old managing a wellness retreat in the hills"", ""thought_number"": 9, ""stream_of_thought"": ""Stream of thought 9 for Retreat Center Coordinator.""}"
Stream of thought 10 for Retreat Center Coordinator.,"{""profile_name"": ""Retreat Center Coordinator"", ""profile_description"": ""40-year-old managing a wellness retreat in the hills"", ""thought_number"": 10, ""stream_of_thought"": ""Stream of thought 10 for Retreat Center Coordinator.""}"
Stream of thought 11 for Retreat Center Coordinator.,"{""profile_name"": ""Retreat Center Coordinator"", ""profile_description"": ""40-year-old managing a wellness retreat in the hills"", ""thought_number"": 11, ""stream_of_thought"": ""Stream of thought 11 for Retreat Center Coordinator.""}"
Stream of thought 12 for Retreat Center Coordinator.,"{""profile_name"": ""Retreat Center Coordinator"", ""profile_description"": ""40-year-old managing a wellness retreat in the hills"", ""thought_number"": 12, ""stream_of_thought"": ""Stream of thought 12 for Retreat Center Coordinator.""}"
Stream of thought 13 for Retreat Center Coordinator.,"{""profile_name"": ""Retreat Center Coordinator"", ""profile_description"": ""40-year-old managing a wellness retreat in the hills"", ""thought_number"": 13, ""stream_of_thought"": ""Stream of thought 13 for Retreat Center Coordinator.""}"
Stream of thought 14 for Retreat Center Coordinator.,"{""profile_name"": ""Retreat Center Coordinator"", ""profile_description"": ""40-year-old managing a wellness retreat in the hills"", ""thought_number"": 14, ""stream_of_thought"": ""Stream of thought 14 for Retreat Center Coordinator.""}"
Stream of thought 15 for Retreat Center Coordinator.,"{""profile_name"": ""Retreat Center Coordinator"", ""profile_description"": ""40-year-old managing a wellness retreat in the hills"", ""thought_number"": 15, ""stream_of_thought"": ""Stream of thought 15 for Retreat Center Coordinator.""}"
Stream of thought 16 for Retreat Center Coordinator.,"{""profile_name"": ""Retreat Center Coordinator"", ""profile_description"": ""40-year-old managing a wellness retreat in the hills"", ""thought_number"": 16, ""stream_of_thought"": ""Stream of thought 16 for Retreat Center Coordinator.""}"
Stream of thought 17 for Retreat Center Coordinator.,"{""profile_name"": ""Retreat Center Coordinator"", ""profile_description"": ""40-year-old managing a wellness retreat in the hills"", ""thought_number"": 17, ""stream_of_thought"": ""Stream of thought 17 for Retreat Center Coordinator.""}"
Stream of thought 18 for Retreat Center Coordinator.,"{""profile_name"": ""Retreat Center Coordinator"", ""profile_description"": ""40-year-old managing a wellness retreat in the hills"", ""thought_number"": 18, ""stream_of_thought"": ""Stream of thought 18 for Retreat Center Coordinator.""}"
Stream of thought 19 for Retreat Center Coordinator.,"{""profile_name"": ""Retreat Center Coordinator"", ""profile_description"": ""40-year-old managing a wellness retreat in the hills"", ""thought_number"": 19, ""stream_of_thought"": ""Stream of thought 19 for Retreat Center Coordinator.""}"
Stream of thought 20 for Retreat Center Coordinator.,"{""profile_name"": ""Retreat Center Coordinator"", ""profile_description"": ""40-year-old managing a wellness retreat in the hills"", ""thought_number"": 20, ""stream_of_thought"": ""Stream of thought 20 for Retreat Center Coordinator.""}"
Stream of thought 21 for Retreat Center Coordinator.,"{""profile_name"": ""Retreat Center Coordinator"", ""profile_description"": ""40-year-old managing a wellness retreat in the hills"", ""thought_number"": 21, ""stream_of_thought"": ""Stream of thought 21 for Retreat Center Coordinator.""}"
Stream of thought 22 for Retreat Center Coordinator.,"{""profile_name"": ""Retreat Center Coordinator"", ""profile_description"": ""40-year-old managing a wellness retreat in the hills"", ""thought_number"": 22, ""stream_of_thought"": ""Stream of thought 22 for Retreat Center Coordinator.""}"
Stream of thought 23 for Retreat Center Coordinator.,"{""profile_name"": ""Retreat Center Coordinator"", ""profile_description"": ""40-year-old managing a wellness retreat in the hills"", ""thought_number"": 23, ""stream_of_thought"": ""Stream of thought 23 for Retreat Center Coordinator.""}"
Stream of thought 24 for Retreat Center Coordinator.,"{""profile_name"": ""Retreat Center Coordinator"", ""profile_description"": ""40-year-old managing a wellness retreat in the hills"", ""thought_number"": 24, ""stream_of_thought"": ""Stream of thought 24 for Retreat Center Coordinator.""}"
Stream of thought 25 for Retreat Center Coordinator.,"{""profile_name"": ""Retreat Center Coordinator"", ""profile_description"": ""40-year-old managing a wellness retreat in the hills"", ""thought_number"": 25, ""stream_of_thought"": ""Stream of thought 25 for Retreat Center Coordinator.""}"
Stream of thought 26 for Retreat Center Coordinator.,"{""profile_name"": ""Retreat Center Coordinator"", ""profile_description"": ""40-year-old managing a wellness retreat in the hills"", ""thought_number"": 26, ""stream_of_thought"": ""Stream of thought 26 for Retreat Center Coordinator.""}"
Stream of thought 27 for Retreat Center Coordinator.,"{""profile_name"": ""Retreat Center Coordinator"", ""profile_description"": ""40-year-old managing a wellness retreat in the hills"", ""thought_number"": 27, ""stream_of_thought"": ""Stream of thought 27 for Retreat Center Coordinator.""}"
Stream of thought 28 for Retreat Center Coordinator.,"{""profile_name"": ""Retreat Center Coordinator"", ""profile_description"": ""40-year-old managing a wellness retreat in the hills"", ""thought_number"": 28, ""stream_of_thought"": ""Stream of thought 28 for Retreat Center Coordinator.""}"
Stream of thought 29 for Retreat Center Coordinator.,"{""profile_name"": ""Retreat Center Coordinator"", ""profile_description"": ""40-year-old managing a wellness retreat in the hills"", ""thought_number"": 29, ""stream_of_thought"": ""Stream of thought 29 for Retreat Center Coordinator.""}"
Stream of thought 30 for Retreat Center Coordinator.,"{""profile_name"": ""Retreat Center Coordinator"", ""profile_description"": ""40-year-old managing a wellness retreat in the hills"", ""thought_number"": 30, ""stream_of_thought"": ""Stream of thought 30 for Retreat Center Coordinator.""}"
Stream of thought 31 for Retreat Center Coordinator.,"{""profile_name"": ""Retreat Center Coordinator"", ""profile_description"": ""40-year-old managing a wellness retreat in the hills"", ""thought_number"": 31, ""stream_of_thought"": ""Stream of thought 31 for Retreat Center Coordinator.""}"
Stream of thought 32 for Retreat Center Coordinator.,"{""profile_name"": ""Retreat Center Coordinator"", ""profile_description"": ""40-year-old managing a wellness retreat in the hills"", ""thought_number"": 32, ""stream_of_thought"": ""Stream of thought 32 for Retreat Center Coordinator.""}"
Stream of thought 33 for Retreat Center Coordinator.,"{""profile_name"": ""Retreat Center Coordinator"", ""profile_description"": ""40-year-old managing a wellness retreat in the hills"", ""thought_number"": 33, ""stream_of_thought"": ""Stream of thought 33 for Retreat Center Coordinator.""}"
Stream of thought 34 for Retreat Center Coordinator.,"{""profile_name"": ""Retreat Center Coordinator"", ""profile_description"": ""40-year-old managing a wellness retreat in the hills"", ""thought_number"": 34, ""stream_of_thought"": ""Stream of thought 34 for Retreat Center Coordinator.""}"
Stream of thought 35 for Retreat Center Coordinator.,"{""profile_name"": ""Retreat Center Coordinator"", ""profile_description"": ""40-year-old managing a wellness retreat in the hills"", ""thought_number"": 35, ""stream_of_thought"": ""Stream of thought 35 for Retreat Center Coordinator.""}"
Stream of thought 36 for Retreat Center Coordinator.,"{""profile_name"": ""Retreat Center Coordinator"", ""profile_description"": ""40-year-old managing a wellness retreat in the hills"", ""thought_number"": 36, ""stream_of_thought"": ""Stream of thought 36 for Retreat Center Coordinator.""}"
Stream of thought 37 for Retreat Center Coordinator.,"{""profile_name"": ""Retreat Center Coordinator"", ""profile_description"": ""40-year-old managing a wellness retreat in the hills"", ""thought_number"": 37, ""stream_of_thought"": ""Stream of thought 37 for Retreat Center Coordinator.""}"
Stream of thought 38 for Retreat Center Coordinator.,"{""profile_name"": ""Retreat Center Coordinator"", ""profile_description"": ""40-year-old managing a wellness retreat in the hills"", ""thought_number"": 38, ""stream_of_thought"": ""Stream of thought 38 for Retreat Center Coordinator.""}"
Stream of thought 39 for Retreat Center Coordinator.,"{""profile_name"": ""Retreat Center Coordinator"", ""profile_description"": ""40-year-old managing a wellness retreat in the hills"", ""thought_number"": 39, ""stream_of_thought"": ""Stream of thought 39 for Retreat Center Coordinator.""}"
Stream of thought 40 for Retreat Center Coordinator.,"{""profile_name"": ""Retreat Center Coordinator"", ""profile_description"": ""40-year-old managing a wellness retreat in the hills"", ""thought_number"": 40, ""stream_of_thought"": ""Stream of thought 40 for Retreat Center Coordinator.""}"
Stream of thought 41 for Retreat Center Coordinator.,"{""profile_name"": ""Retreat Center Coordinator"", ""profile_description"": ""40-year-old managing a wellness retreat in the hills"", ""thought_number"": 41, ""stream_of_thought"": ""Stream of thought 41 for Retreat Center Coordinator.""}"
Stream of thought 42 for Retreat Center Coordinator.,"{""profile_name"": ""Retreat Center Coordinator"", ""profile_description"": ""40-year-old managing a wellness retreat in the hills"", ""thought_number"": 42, ""stream_of_thought"": ""Stream of thought 42 for Retreat Center Coordinator.""}"
Stream of thought 43 for Retreat Center Coordinator.,"{""profile_name"": ""Retreat Center Coordinator"", ""profile_description"": ""40-year-old managing a wellness retreat in the hills"", ""thought_number"": 43, ""stream_of_thought"": ""Stream of thought 43 for Retreat Center Coordinator.""}"
Stream of thought 44 for Retreat Center Coordinator.,"{""profile_name"": ""Retreat Center Coordinator"", ""profile_description"": ""40-year-old managing a wellness retreat in the hills"", ""thought_number"": 44, ""stream_of_thought"": ""Stream of thought 44 for Retreat Center Coordinator.""}"
Stream of thought 45 for Retreat Center Coordinator.,"{""profile_name"": ""Retreat Center Coordinator"", ""profile_description"": ""40-year-old managing a wellness retreat in the hills"", ""thought_number"": 45, ""stream_of_thought"": ""Stream of thought 45 for Retreat Center Coordinator.""}"
Stream of thought 46 for Retreat Center Coordinator.,"{""profile_name"": ""Retreat Center Coordinator"", ""profile_description"": ""40-year-old managing a wellness retreat in the hills"", ""thought_number"": 46, ""stream_of_thought"": ""Stream of thought 46 for Retreat Center Coordinator.""}"
Stream of thought 47 for Retreat Center Coordinator.,"{""profile_name"": ""Retreat Center Coordinator"", ""profile_description"": ""40-year-old managing a wellness retreat in the hills"", ""thought_number"": 47, ""stream_of_thought"": ""Stream of thought 47 for Retreat Center Coordinator.""}"
Stream of thought 48 for Retreat Center Coordinator.,"{""profile_name"": ""Retreat Center Coordinator"", ""profile_description"": ""40-year-old managing a wellness retreat in the hills"", ""thought_number"": 48, ""stream_of_thought"": ""Stream of thought 48 for Retreat Center Coordinator.""}"
Stream of thought 49 for Retreat Center Coordinator.,"{""profile_name"": ""Retreat Center Coordinator"", ""profile_description"": ""40-year-old managing a wellness retreat in the hills"", ""thought_number"": 49, ""stream_of_thought"": ""Stream of thought 49 for Retreat Center Coordinator.""}"
Stream of thought 50 for Retreat Center Coordinator.,"{""profile_name"": ""Retreat Center Coordinator"", ""profile_description"": ""40-year-old managing a wellness retreat in the hills"", ""thought_number"": 50, ""stream_of_thought"": ""Stream of thought 50 for Retreat Center Coordinator.""}"
Stream of thought 1 for Early-stage Founder.,"{""profile_name"": ""Early-stage Founder"", ""profile_description"": ""27-year-old solo startup founder"", ""thought_number"": 1, ""stream_of_thought"": ""Stream of thought 1 for Early-stage Founder.""}"
Stream of thought 2 for Early-stage Founder.,"{""profile_name"": ""Early-stage Founder"", ""profile_description"": ""27-year-old solo startup founder"", ""thought_number"": 2, ""stream_of_thought"": ""Stream of thought 2 for Early-stage Founder.""}"
Stream of thought 3 for Early-stage Founder.,"{""profile_name"": ""Early-stage Founder"", ""profile_description"": ""27-year-old solo startup founder"", ""thought_number"": 3, ""stream_of_thought"": ""Stream of thought 3 for Early-stage Founder.""}"
Stream of thought 4 for Early-stage Founder.,"{""profile_name"": ""Early-stage Founder"", ""profile_description"": ""27-year-old solo startup founder"", ""thought_number"": 4, ""stream_of_thought"": ""Stream of thought 4 for Early-stage Founder.""}"
Stream of thought 5 for Early-stage Founder.,"{""profile_name"": ""Early-stage Founder"", ""profile_description"": ""27-year-old solo startup founder"", ""thought_number"": 5, ""stream_of_thought"": ""Stream of thought 5 for Early-stage Founder.""}"
Stream of thought 6 for Early-stage Founder.,"{""profile_name"": ""Early-stage Founder"", ""profile_description"": ""27-year-old solo startup founder"", ""thought_number"": 6, ""stream_of_thought"": ""Stream of thought 6 for Early-stage Founder.""}"
Stream of thought 7 for Early-stage Founder.,"{""profile_name"": ""Early-stage Founder"", ""profile_description"": ""27-year-old solo startup founder"", ""thought_number"": 7, ""stream_of_thought"": ""Stream of thought 7 for Early-stage Founder.""}"
Stream of thought 8 for Early-stage Founder.,"{""profile_name"": ""Early-stage Founder"", ""profile_description"": ""27-year-old solo startup founder"", ""thought_number"": 8, ""stream_of_thought"": ""Stream of thought 8 for Early-stage Founder.""}"
Stream of thought 9 for Early-stage Founder.,"{""profile_name"": ""Early-stage Founder"", ""profile_description"": ""27-year-old solo startup founder"", ""thought_number"": 9, ""stream_of_thought"": ""Stream of thought 9 for Early-stage Founder.""}"
Stream of thought 10 for Early-stage Founder.,"{""profile_name"": ""Early-stage Founder"", ""profile_description"": ""27-year-old solo startup founder"", ""thought_number"": 10, ""stream_of_thought"": ""Stream of thought 10 for Early-stage Founder.""}"
Stream of thought 11 for Early-stage Founder.,"{""profile_name"": ""Early-stage Founder"", ""profile_description"": ""27-year-old solo startup founder"", ""thought_number"": 11, ""stream_of_thought"": ""Stream of thought 11 for Early-stage Founder.""}"
Stream of thought 12 for Early-stage Founder.,"{""profile_name"": ""Early-stage Founder"", ""profile_description"": ""27-year-old solo startup founder"", ""thought_number"": 12, ""stream_of_thought"": ""Stream of thought 12 for Early-stage Founder.""}"
Stream of thought 13 for Early-stage Founder.,"{""profile_name"": ""Early-stage Founder"", ""profile_description"": ""27-year-old solo startup founder"", ""thought_number"": 13, ""stream_of_thought"": ""Stream of thought 13 for Early-stage Founder.""}"
Stream of thought 14 for Early-stage Founder.,"{""profile_name"": ""Early-stage Founder"", ""profile_description"": ""27-year-old solo startup founder"", ""thought_number"": 14, ""stream_of_thought"": ""Stream of thought 14 for Early-stage Founder.""}"
Stream of thought 15 for Early-stage Founder.,"{""profile_name"": ""Early-stage Founder"", ""profile_description"": ""27-year-old solo startup founder"", ""thought_number"": 15, ""stream_of_thought"": ""Stream of thought 15 for Early-stage Founder.""}"
Stream of thought 16 for Early-stage Founder.,"{""profile_name"": ""Early-stage Founder"", ""profile_description"": ""27-year-old solo startup founder"", ""thought_number"": 16, ""stream_of_thought"": ""Stream of thought 16 for Early-stage Founder.""}"
Stream of thought 17 for Early-stage Founder.,"{""profile_name"": ""Early-stage Founder"", ""profile_description"": ""27-year-old solo startup founder"", ""thought_number"": 17, ""stream_of_thought"": ""Stream of thought 17 for Early-stage Founder.""}"
Stream of thought 18 for Early-stage Founder.,"{""profile_name"": ""Early-stage Founder"", ""profile_description"": ""27-year-old solo startup founder"", ""thought_number"": 18, ""stream_of_thought"": ""Stream of thought 18 for Early-stage Founder.""}"
Stream of thought 19 for Early-stage Founder.,"{""profile_name"": ""Early-stage Founder"", ""profile_description"": ""27-year-old solo startup founder"", ""thought_number"": 19, ""stream_of_thought"": ""Stream of thought 19 for Early-stage Founder.""}"
Stream of thought 20 for Early-stage Founder.,"{""profile_name"": ""Early-stage Founder"", ""profile_description"": ""27-year-old solo startup founder"", ""thought_number"": 20, ""stream_of_thought"": ""Stream of thought 20 for Early-stage Founder.""}"
Stream of thought 21 for Early-stage Founder.,"{""profile_name"": ""Early-stage Founder"", ""profile_description"": ""27-year-old solo startup founder"", ""thought_number"": 21, ""stream_of_thought"": ""Stream of thought 21 for Early-stage Founder.""}"
Stream of thought 22 for Early-stage Founder.,"{""profile_name"": ""Early-stage Founder"", ""profile_description"": ""27-year-old solo startup founder"", ""thought_number"": 22, ""stream_of_thought"": ""Stream of thought 22 for Early-stage Founder.""}"
Stream of thought 23 for Early-stage Founder.,"{""profile_name"": ""Early-stage Founder"", ""profile_description"": ""27-year-old solo startup founder"", ""thought_number"": 23, ""stream_of_thought"": ""Stream of thought 23 for Early-stage Founder.""}"
Stream of thought 24 for Early-stage Founder.,"{""profile_name"": ""Early-stage Founder"", ""profile_description"": ""27-year-old solo startup founder"", ""thought_number"": 24, ""stream_of_thought"": ""Stream of thought 24 for Early-stage Founder.""}"
Stream of thought 25 for Early-stage Founder.,"{""profile_name"": ""Early-stage Founder"", ""profile_description"": ""27-year-old solo startup founder"", ""thought_number"": 25, ""stream_of_thought"": ""Stream of thought 25 for Early-stage Founder.""}"
Stream of thought 26 for Early-stage Founder.,"{""profile_name"": ""Early-stage Founder"", ""profile_description"": ""27-year-old solo startup founder"", ""thought_number"": 26, ""stream_of_thought"": ""Stream of thought 26 for Early-stage Founder.""}"
Stream of thought 27 for Early-stage Founder.,"{""profile_name"": ""Early-stage Founder"", ""profile_description"": ""27-year-old solo startup founder"", ""thought_number"": 27, ""stream_of_thought"": ""Stream of thought 27 for Early-stage Founder.""}"
Stream of thought 28 for Early-stage Founder.,"{""profile_name"": ""Early-stage Founder"", ""profile_description"": ""27-year-old solo startup founder"", ""thought_number"": 28, ""stream_of_thought"": ""Stream of thought 28 for Early-stage Founder.""}"
Stream of thought 29 for Early-stage Founder.,"{""profile_name"": ""Early-stage Founder"", ""profile_description"": ""27-year-old solo startup founder"", ""thought_number"": 29, ""stream_of_thought"": ""Stream of thought 29 for Early-stage Founder.""}"
Stream of thought 30 for Early-stage Founder.,"{""profile_name"": ""Early-stage Founder"", ""profile_description"": ""27-year-old solo startup founder"", ""thought_number"": 30, ""stream_of_thought"": ""Stream of thought 30 for Early-stage Founder.""}"
Stream of thought 31 for Early-stage Founder.,"{""profile_name"": ""Early-stage Founder"", ""profile_description"": ""27-year-old solo startup founder"", ""thought_number"": 31, ""stream_of_thought"": ""Stream of thought 31 for Early-stage Founder.""}"
Stream of thought 32 for Early-stage Founder.,"{""profile_name"": ""Early-stage Founder"", ""profile_description"": ""27-year-old solo startup founder"", ""thought_number"": 32, ""stream_of_thought"": ""Stream of thought 32 for Early-stage Founder.""}"
Stream of thought 33 for Early-stage Founder.,"{""profile_name"": ""Early-stage Founder"", ""profile_description"": ""27-year-old solo startup founder"", ""thought_number"": 33, ""stream_of_thought"": ""Stream of thought 33 for Early-stage Founder.""}"
Stream of thought 34 for Early-stage Founder.,"{""profile_name"": ""Early-stage Founder"", ""profile_description"": ""27-year-old solo startup founder"", ""thought_number"": 34, ""stream_of_thought"": ""Stream of thought 34 for Early-stage Founder.""}"
Stream of thought 35 for Early-stage Founder.,"{""profile_name"": ""Early-stage Founder"", ""profile_description"": ""27-year-old solo startup founder"", ""thought_number"": 35, ""stream_of_thought"": ""Stream of thought 35 for Early-stage Founder.""}"
Stream of thought 36 for Early-stage Founder.,"{""profile_name"": ""Early-stage Founder"", ""profile_description"": ""27-year-old solo startup founder"", ""thought_number"": 36, ""stream_of_thought"": ""Stream of thought 36 for Early-stage Founder.""}"
Stream of thought 37 for Early-stage Founder.,"{""profile_name"": ""Early-stage Founder"", ""profile_description"": ""27-year-old solo startup founder"", ""thought_number"": 37, ""stream_of_thought"": ""Stream of thought 37 for Early-stage Founder.""}"
Stream of thought 38 for Early-stage Founder.,"{""profile_name"": ""Early-stage Founder"", ""profile_description"": ""27-year-old solo startup founder"", ""thought_number"": 38, ""stream_of_thought"": ""Stream of thought 38 for Early-stage Founder.""}"
Stream of thought 39 for Early-stage Founder.,"{""profile_name"": ""Early-stage Founder"", ""profile_description"": ""27-year-old solo startup founder"", ""thought_number"": 39, ""stream_of_thought"": ""Stream of thought 39 for Early-stage Founder.""}"
Stream of thought 40 for Early-stage Founder.,"{""profile_name"": ""Early-stage Founder"", ""profile_description"": ""27-year-old solo startup founder"", ""thought_number"": 40, ""stream_of_thought"": ""Stream of thought 40 for Early-stage Founder.""}"
Stream of thought 41 for Early-stage Founder.,"{""profile_name"": ""Early-stage Founder"", ""profile_description"": ""27-year-old solo startup founder"", ""thought_number"": 41, ""stream_of_thought"": ""Stream of thought 41 for Early-stage Founder.""}"
Stream of thought 42 for Early-stage Founder.,"{""profile_name"": ""Early-stage Founder"", ""profile_description"": ""27-year-old solo startup founder"", ""thought_number"": 42, ""stream_of_thought"": ""Stream of thought 42 for Early-stage Founder.""}"
Stream of thought 43 for Early-stage Founder.,"{""profile_name"": ""Early-stage Founder"", ""profile_description"": ""27-year-old solo startup founder"", ""thought_number"": 43, ""stream_of_thought"": ""Stream of thought 43 for Early-stage Founder.""}"
Stream of thought 44 for Early-stage Founder.,"{""profile_name"": ""Early-stage Founder"", ""profile_description"": ""27-year-old solo startup founder"", ""thought_number"": 44, ""stream_of_thought"": ""Stream of thought 44 for Early-stage Founder.""}"
Stream of thought 45 for Early-stage Founder.,"{""profile_name"": ""Early-stage Founder"", ""profile_description"": ""27-year-old solo startup founder"", ""thought_number"": 45, ""stream_of_thought"": ""Stream of thought 45 for Early-stage Founder.""}"
Stream of thought 46 for Early-stage Founder.,"{""profile_name"": ""Early-stage Founder"", ""profile_description"": ""27-year-old solo startup founder"", ""thought_number"": 46, ""stream_of_thought"": ""Stream of thought 46 for Early-stage Founder.""}"
Stream of thought 47 for Early-stage Founder.,"{""profile_name"": ""Early-stage Founder"", ""profile_description"": ""27-year-old solo startup founder"", ""thought_number"": 47, ""stream_of_thought"": ""Stream of thought 47 for Early-stage Founder.""}"
Stream of thought 48 for Early-stage Founder.,"{""profile_name"": ""Early-stage Founder"", ""profile_description"": ""27-year-old solo startup founder"", ""thought_number"": 48, ""stream_of_thought"": ""Stream of thought 48 for Early-stage Founder.""}"
Stream of thought 49 for Early-stage Founder.,"{""profile_name"": ""Early-stage Founder"", ""profile_description"": ""27-year-old solo startup founder"", ""thought_number"": 49, ""stream_of_thought"": ""Stream of thought 49 for Early-stage Founder.""}"
Stream of thought 50 for Early-stage Founder.,"{""profile_name"": ""Early-stage Founder"", ""profile_description"": ""27-year-old solo startup founder"", ""thought_number"": 50, ""stream_of_thought"": ""Stream of thought 50 for Early-stage Founder.""}"
Stream of thought 1 for Social Worker in Rural Area.,"{""profile_name"": ""Social Worker in Rural Area"", ""profile_description"": ""38-year-old NGO worker coordinating field projects"", ""thought_number"": 1, ""stream_of_thought"": ""Stream of thought 1 for Social Worker in Rural Area.""}"
Stream of thought 2 for Social Worker in Rural Area.,"{""profile_name"": ""Social Worker in Rural Area"", ""profile_description"": ""38-year-old NGO worker coordinating field projects"", ""thought_number"": 2, ""stream_of_thought"": ""Stream of thought 2 for Social Worker in Rural Area.""}"
Stream of thought 3 for Social Worker in Rural Area.,"{""profile_name"": ""Social Worker in Rural Area"", ""profile_description"": ""38-year-old NGO worker coordinating field projects"", ""thought_number"": 3, ""stream_of_thought"": ""Stream of thought 3 for Social Worker in Rural Area.""}"
Stream of thought 4 for Social Worker in Rural Area.,"{""profile_name"": ""Social Worker in Rural Area"", ""profile_description"": ""38-year-old NGO worker coordinating field projects"", ""thought_number"": 4, ""stream_of_thought"": ""Stream of thought 4 for Social Worker in Rural Area.""}"
Stream of thought 5 for Social Worker in Rural Area.,"{""profile_name"": ""Social Worker in Rural Area"", ""profile_description"": ""38-year-old NGO worker coordinating field projects"", ""thought_number"": 5, ""stream_of_thought"": ""Stream of thought 5 for Social Worker in Rural Area.""}"
Stream of thought 6 for Social Worker in Rural Area.,"{""profile_name"": ""Social Worker in Rural Area"", ""profile_description"": ""38-year-old NGO worker coordinating field projects"", ""thought_number"": 6, ""stream_of_thought"": ""Stream of thought 6 for Social Worker in Rural Area.""}"
Stream of thought 7 for Social Worker in Rural Area.,"{""profile_name"": ""Social Worker in Rural Area"", ""profile_description"": ""38-year-old NGO worker coordinating field projects"", ""thought_number"": 7, ""stream_of_thought"": ""Stream of thought 7 for Social Worker in Rural Area.""}"
Stream of thought 8 for Social Worker in Rural Area.,"{""profile_name"": ""Social Worker in Rural Area"", ""profile_description"": ""38-year-old NGO worker coordinating field projects"", ""thought_number"": 8, ""stream_of_thought"": ""Stream of thought 8 for Social Worker in Rural Area.""}"
Stream of thought 9 for Social Worker in Rural Area.,"{""profile_name"": ""Social Worker in Rural Area"", ""profile_description"": ""38-year-old NGO worker coordinating field projects"", ""thought_number"": 9, ""stream_of_thought"": ""Stream of thought 9 for Social Worker in Rural Area.""}"
Stream of thought 10 for Social Worker in Rural Area.,"{""profile_name"": ""Social Worker in Rural Area"", ""profile_description"": ""38-year-old NGO worker coordinating field projects"", ""thought_number"": 10, ""stream_of_thought"": ""Stream of thought 10 for Social Worker in Rural Area.""}"
Stream of thought 11 for Social Worker in Rural Area.,"{""profile_name"": ""Social Worker in Rural Area"", ""profile_description"": ""38-year-old NGO worker coordinating field projects"", ""thought_number"": 11, ""stream_of_thought"": ""Stream of thought 11 for Social Worker in Rural Area.""}"
Stream of thought 12 for Social Worker in Rural Area.,"{""profile_name"": ""Social Worker in Rural Area"", ""profile_description"": ""38-year-old NGO worker coordinating field projects"", ""thought_number"": 12, ""stream_of_thought"": ""Stream of thought 12 for Social Worker in Rural Area.""}"
Stream of thought 13 for Social Worker in Rural Area.,"{""profile_name"": ""Social Worker in Rural Area"", ""profile_description"": ""38-year-old NGO worker coordinating field projects"", ""thought_number"": 13, ""stream_of_thought"": ""Stream of thought 13 for Social Worker in Rural Area.""}"
Stream of thought 14 for Social Worker in Rural Area.,"{""profile_name"": ""Social Worker in Rural Area"", ""profile_description"": ""38-year-old NGO worker coordinating field projects"", ""thought_number"": 14, ""stream_of_thought"": ""Stream of thought 14 for Social Worker in Rural Area.""}"
Stream of thought 15 for Social Worker in Rural Area.,"{""profile_name"": ""Social Worker in Rural Area"", ""profile_description"": ""38-year-old NGO worker coordinating field projects"", ""thought_number"": 15, ""stream_of_thought"": ""Stream of thought 15 for Social Worker in Rural Area.""}"
Stream of thought 16 for Social Worker in Rural Area.,"{""profile_name"": ""Social Worker in Rural Area"", ""profile_description"": ""38-year-old NGO worker coordinating field projects"", ""thought_number"": 16, ""stream_of_thought"": ""Stream of thought 16 for Social Worker in Rural Area.""}"
Stream of thought 17 for Social Worker in Rural Area.,"{""profile_name"": ""Social Worker in Rural Area"", ""profile_description"": ""38-year-old NGO worker coordinating field projects"", ""thought_number"": 17, ""stream_of_thought"": ""Stream of thought 17 for Social Worker in Rural Area.""}"
Stream of thought 18 for Social Worker in Rural Area.,"{""profile_name"": ""Social Worker in Rural Area"", ""profile_description"": ""38-year-old NGO worker coordinating field projects"", ""thought_number"": 18, ""stream_of_thought"": ""Stream of thought 18 for Social Worker in Rural Area.""}"
Stream of thought 19 for Social Worker in Rural Area.,"{""profile_name"": ""Social Worker in Rural Area"", ""profile_description"": ""38-year-old NGO worker coordinating field projects"", ""thought_number"": 19, ""stream_of_thought"": ""Stream of thought 19 for Social Worker in Rural Area.""}"
Stream of thought 20 for Social Worker in Rural Area.,"{""profile_name"": ""Social Worker in Rural Area"", ""profile_description"": ""38-year-old NGO worker coordinating field projects"", ""thought_number"": 20, ""stream_of_thought"": ""Stream of thought 20 for Social Worker in Rural Area.""}"
Stream of thought 21 for Social Worker in Rural Area.,"{""profile_name"": ""Social Worker in Rural Area"", ""profile_description"": ""38-year-old NGO worker coordinating field projects"", ""thought_number"": 21, ""stream_of_thought"": ""Stream of thought 21 for Social Worker in Rural Area.""}"
Stream of thought 22 for Social Worker in Rural Area.,"{""profile_name"": ""Social Worker in Rural Area"", ""profile_description"": ""38-year-old NGO worker coordinating field projects"", ""thought_number"": 22, ""stream_of_thought"": ""Stream of thought 22 for Social Worker in Rural Area.""}"
Stream of thought 23 for Social Worker in Rural Area.,"{""profile_name"": ""Social Worker in Rural Area"", ""profile_description"": ""38-year-old NGO worker coordinating field projects"", ""thought_number"": 23, ""stream_of_thought"": ""Stream of thought 23 for Social Worker in Rural Area.""}"
Stream of thought 24 for Social Worker in Rural Area.,"{""profile_name"": ""Social Worker in Rural Area"", ""profile_description"": ""38-year-old NGO worker coordinating field projects"", ""thought_number"": 24, ""stream_of_thought"": ""Stream of thought 24 for Social Worker in Rural Area.""}"
Stream of thought 25 for Social Worker in Rural Area.,"{""profile_name"": ""Social Worker in Rural Area"", ""profile_description"": ""38-year-old NGO worker coordinating field projects"", ""thought_number"": 25, ""stream_of_thought"": ""Stream of thought 25 for Social Worker in Rural Area.""}"
Stream of thought 26 for Social Worker in Rural Area.,"{""profile_name"": ""Social Worker in Rural Area"", ""profile_description"": ""38-year-old NGO worker coordinating field projects"", ""thought_number"": 26, ""stream_of_thought"": ""Stream of thought 26 for Social Worker in Rural Area.""}"
Stream of thought 27 for Social Worker in Rural Area.,"{""profile_name"": ""Social Worker in Rural Area"", ""profile_description"": ""38-year-old NGO worker coordinating field projects"", ""thought_number"": 27, ""stream_of_thought"": ""Stream of thought 27 for Social Worker in Rural Area.""}"
Stream of thought 28 for Social Worker in Rural Area.,"{""profile_name"": ""Social Worker in Rural Area"", ""profile_description"": ""38-year-old NGO worker coordinating field projects"", ""thought_number"": 28, ""stream_of_thought"": ""Stream of thought 28 for Social Worker in Rural Area.""}"
Stream of thought 29 for Social Worker in Rural Area.,"{""profile_name"": ""Social Worker in Rural Area"", ""profile_description"": ""38-year-old NGO worker coordinating field projects"", ""thought_number"": 29, ""stream_of_thought"": ""Stream of thought 29 for Social Worker in Rural Area.""}"
Stream of thought 30 for Social Worker in Rural Area.,"{""profile_name"": ""Social Worker in Rural Area"", ""profile_description"": ""38-year-old NGO worker coordinating field projects"", ""thought_number"": 30, ""stream_of_thought"": ""Stream of thought 30 for Social Worker in Rural Area.""}"
Stream of thought 31 for Social Worker in Rural Area.,"{""profile_name"": ""Social Worker in Rural Area"", ""profile_description"": ""38-year-old NGO worker coordinating field projects"", ""thought_number"": 31, ""stream_of_thought"": ""Stream of thought 31 for Social Worker in Rural Area.""}"
Stream of thought 32 for Social Worker in Rural Area.,"{""profile_name"": ""Social Worker in Rural Area"", ""profile_description"": ""38-year-old NGO worker coordinating field projects"", ""thought_number"": 32, ""stream_of_thought"": ""Stream of thought 32 for Social Worker in Rural Area.""}"
Stream of thought 33 for Social Worker in Rural Area.,"{""profile_name"": ""Social Worker in Rural Area"", ""profile_description"": ""38-year-old NGO worker coordinating field projects"", ""thought_number"": 33, ""stream_of_thought"": ""Stream of thought 33 for Social Worker in Rural Area.""}"
Stream of thought 34 for Social Worker in Rural Area.,"{""profile_name"": ""Social Worker in Rural Area"", ""profile_description"": ""38-year-old NGO worker coordinating field projects"", ""thought_number"": 34, ""stream_of_thought"": ""Stream of thought 34 for Social Worker in Rural Area.""}"
Stream of thought 35 for Social Worker in Rural Area.,"{""profile_name"": ""Social Worker in Rural Area"", ""profile_description"": ""38-year-old NGO worker coordinating field projects"", ""thought_number"": 35, ""stream_of_thought"": ""Stream of thought 35 for Social Worker in Rural Area.""}"
Stream of thought 36 for Social Worker in Rural Area.,"{""profile_name"": ""Social Worker in Rural Area"", ""profile_description"": ""38-year-old NGO worker coordinating field projects"", ""thought_number"": 36, ""stream_of_thought"": ""Stream of thought 36 for Social Worker in Rural Area.""}"
Stream of thought 37 for Social Worker in Rural Area.,"{""profile_name"": ""Social Worker in Rural Area"", ""profile_description"": ""38-year-old NGO worker coordinating field projects"", ""thought_number"": 37, ""stream_of_thought"": ""Stream of thought 37 for Social Worker in Rural Area.""}"
Stream of thought 38 for Social Worker in Rural Area.,"{""profile_name"": ""Social Worker in Rural Area"", ""profile_description"": ""38-year-old NGO worker coordinating field projects"", ""thought_number"": 38, ""stream_of_thought"": ""Stream of thought 38 for Social Worker in Rural Area.""}"
Stream of thought 39 for Social Worker in Rural Area.,"{""profile_name"": ""Social Worker in Rural Area"", ""profile_description"": ""38-year-old NGO worker coordinating field projects"", ""thought_number"": 39, ""stream_of_thought"": ""Stream of thought 39 for Social Worker in Rural Area.""}"
Stream of thought 40 for Social Worker in Rural Area.,"{""profile_name"": ""Social Worker in Rural Area"", ""profile_description"": ""38-year-old NGO worker coordinating field projects"", ""thought_number"": 40, ""stream_of_thought"": ""Stream of thought 40 for Social Worker in Rural Area.""}"
Stream of thought 41 for Social Worker in Rural Area.,"{""profile_name"": ""Social Worker in Rural Area"", ""profile_description"": ""38-year-old NGO worker coordinating field projects"", ""thought_number"": 41, ""stream_of_thought"": ""Stream of thought 41 for Social Worker in Rural Area.""}"
Stream of thought 42 for Social Worker in Rural Area.,"{""profile_name"": ""Social Worker in Rural Area"", ""profile_description"": ""38-year-old NGO worker coordinating field projects"", ""thought_number"": 42, ""stream_of_thought"": ""Stream of thought 42 for Social Worker in Rural Area.""}"
Stream of thought 43 for Social Worker in Rural Area.,"{""profile_name"": ""Social Worker in Rural Area"", ""profile_description"": ""38-year-old NGO worker coordinating field projects"", ""thought_number"": 43, ""stream_of_thought"": ""Stream of thought 43 for Social Worker in Rural Area.""}"
Stream of thought 44 for Social Worker in Rural Area.,"{""profile_name"": ""Social Worker in Rural Area"", ""profile_description"": ""38-year-old NGO worker coordinating field projects"", ""thought_number"": 44, ""stream_of_thought"": ""Stream of thought 44 for Social Worker in Rural Area.""}"
Stream of thought 45 for Social Worker in Rural Area.,"{""profile_name"": ""Social Worker in Rural Area"", ""profile_description"": ""38-year-old NGO worker coordinating field projects"", ""thought_number"": 45, ""stream_of_thought"": ""Stream of thought 45 for Social Worker in Rural Area.""}"
Stream of thought 46 for Social Worker in Rural Area.,"{""profile_name"": ""Social Worker in Rural Area"", ""profile_description"": ""38-year-old NGO worker coordinating field projects"", ""thought_number"": 46, ""stream_of_thought"": ""Stream of thought 46 for Social Worker in Rural Area.""}"
Stream of thought 47 for Social Worker in Rural Area.,"{""profile_name"": ""Social Worker in Rural Area"", ""profile_description"": ""38-year-old NGO worker coordinating field projects"", ""thought_number"": 47, ""stream_of_thought"": ""Stream of thought 47 for Social Worker in Rural Area.""}"
Stream of thought 48 for Social Worker in Rural Area.,"{""profile_name"": ""Social Worker in Rural Area"", ""profile_description"": ""38-year-old NGO worker coordinating field projects"", ""thought_number"": 48, ""stream_of_thought"": ""Stream of thought 48 for Social Worker in Rural Area.""}"
Stream of thought 49 for Social Worker in Rural Area.,"{""profile_name"": ""Social Worker in Rural Area"", ""profile_description"": ""38-year-old NGO worker coordinating field projects"", ""thought_number"": 49, ""stream_of_thought"": ""Stream of thought 49 for Social Worker in Rural Area.""}"
Stream of thought 50 for Social Worker in Rural Area.,"{""profile_name"": ""Social Worker in Rural Area"", ""profile_description"": ""38-year-old NGO worker coordinating field projects"", ""thought_number"": 50, ""stream_of_thought"": ""Stream of thought 50 for Social Worker in Rural Area.""}"
Stream of thought 1 for Recovering Perfectionist.,"{""profile_name"": ""Recovering Perfectionist"", ""profile_description"": ""34-year-old overachiever turned minimalist"", ""thought_number"": 1, ""stream_of_thought"": ""Stream of thought 1 for Recovering Perfectionist.""}"
Stream of thought 2 for Recovering Perfectionist.,"{""profile_name"": ""Recovering Perfectionist"", ""profile_description"": ""34-year-old overachiever turned minimalist"", ""thought_number"": 2, ""stream_of_thought"": ""Stream of thought 2 for Recovering Perfectionist.""}"
Stream of thought 3 for Recovering Perfectionist.,"{""profile_name"": ""Recovering Perfectionist"", ""profile_description"": ""34-year-old overachiever turned minimalist"", ""thought_number"": 3, ""stream_of_thought"": ""Stream of thought 3 for Recovering Perfectionist.""}"
Stream of thought 4 for Recovering Perfectionist.,"{""profile_name"": ""Recovering Perfectionist"", ""profile_description"": ""34-year-old overachiever turned minimalist"", ""thought_number"": 4, ""stream_of_thought"": ""Stream of thought 4 for Recovering Perfectionist.""}"
Stream of thought 5 for Recovering Perfectionist.,"{""profile_name"": ""Recovering Perfectionist"", ""profile_description"": ""34-year-old overachiever turned minimalist"", ""thought_number"": 5, ""stream_of_thought"": ""Stream of thought 5 for Recovering Perfectionist.""}"
Stream of thought 6 for Recovering Perfectionist.,"{""profile_name"": ""Recovering Perfectionist"", ""profile_description"": ""34-year-old overachiever turned minimalist"", ""thought_number"": 6, ""stream_of_thought"": ""Stream of thought 6 for Recovering Perfectionist.""}"
Stream of thought 7 for Recovering Perfectionist.,"{""profile_name"": ""Recovering Perfectionist"", ""profile_description"": ""34-year-old overachiever turned minimalist"", ""thought_number"": 7, ""stream_of_thought"": ""Stream of thought 7 for Recovering Perfectionist.""}"
Stream of thought 8 for Recovering Perfectionist.,"{""profile_name"": ""Recovering Perfectionist"", ""profile_description"": ""34-year-old overachiever turned minimalist"", ""thought_number"": 8, ""stream_of_thought"": ""Stream of thought 8 for Recovering Perfectionist.""}"
Stream of thought 9 for Recovering Perfectionist.,"{""profile_name"": ""Recovering Perfectionist"", ""profile_description"": ""34-year-old overachiever turned minimalist"", ""thought_number"": 9, ""stream_of_thought"": ""Stream of thought 9 for Recovering Perfectionist.""}"
Stream of thought 10 for Recovering Perfectionist.,"{""profile_name"": ""Recovering Perfectionist"", ""profile_description"": ""34-year-old overachiever turned minimalist"", ""thought_number"": 10, ""stream_of_thought"": ""Stream of thought 10 for Recovering Perfectionist.""}"
Stream of thought 11 for Recovering Perfectionist.,"{""profile_name"": ""Recovering Perfectionist"", ""profile_description"": ""34-year-old overachiever turned minimalist"", ""thought_number"": 11, ""stream_of_thought"": ""Stream of thought 11 for Recovering Perfectionist.""}"
Stream of thought 12 for Recovering Perfectionist.,"{""profile_name"": ""Recovering Perfectionist"", ""profile_description"": ""34-year-old overachiever turned minimalist"", ""thought_number"": 12, ""stream_of_thought"": ""Stream of thought 12 for Recovering Perfectionist.""}"
Stream of thought 13 for Recovering Perfectionist.,"{""profile_name"": ""Recovering Perfectionist"", ""profile_description"": ""34-year-old overachiever turned minimalist"", ""thought_number"": 13, ""stream_of_thought"": ""Stream of thought 13 for Recovering Perfectionist.""}"
Stream of thought 14 for Recovering Perfectionist.,"{""profile_name"": ""Recovering Perfectionist"", ""profile_description"": ""34-year-old overachiever turned minimalist"", ""thought_number"": 14, ""stream_of_thought"": ""Stream of thought 14 for Recovering Perfectionist.""}"
Stream of thought 15 for Recovering Perfectionist.,"{""profile_name"": ""Recovering Perfectionist"", ""profile_description"": ""34-year-old overachiever turned minimalist"", ""thought_number"": 15, ""stream_of_thought"": ""Stream of thought 15 for Recovering Perfectionist.""}"
Stream of thought 16 for Recovering Perfectionist.,"{""profile_name"": ""Recovering Perfectionist"", ""profile_description"": ""34-year-old overachiever turned minimalist"", ""thought_number"": 16, ""stream_of_thought"": ""Stream of thought 16 for Recovering Perfectionist.""}"
Stream of thought 17 for Recovering Perfectionist.,"{""profile_name"": ""Recovering Perfectionist"", ""profile_description"": ""34-year-old overachiever turned minimalist"", ""thought_number"": 17, ""stream_of_thought"": ""Stream of thought 17 for Recovering Perfectionist.""}"
Stream of thought 18 for Recovering Perfectionist.,"{""profile_name"": ""Recovering Perfectionist"", ""profile_description"": ""34-year-old overachiever turned minimalist"", ""thought_number"": 18, ""stream_of_thought"": ""Stream of thought 18 for Recovering Perfectionist.""}"
Stream of thought 19 for Recovering Perfectionist.,"{""profile_name"": ""Recovering Perfectionist"", ""profile_description"": ""34-year-old overachiever turned minimalist"", ""thought_number"": 19, ""stream_of_thought"": ""Stream of thought 19 for Recovering Perfectionist.""}"
Stream of thought 20 for Recovering Perfectionist.,"{""profile_name"": ""Recovering Perfectionist"", ""profile_description"": ""34-year-old overachiever turned minimalist"", ""thought_number"": 20, ""stream_of_thought"": ""Stream of thought 20 for Recovering Perfectionist.""}"
Stream of thought 21 for Recovering Perfectionist.,"{""profile_name"": ""Recovering Perfectionist"", ""profile_description"": ""34-year-old overachiever turned minimalist"", ""thought_number"": 21, ""stream_of_thought"": ""Stream of thought 21 for Recovering Perfectionist.""}"
Stream of thought 22 for Recovering Perfectionist.,"{""profile_name"": ""Recovering Perfectionist"", ""profile_description"": ""34-year-old overachiever turned minimalist"", ""thought_number"": 22, ""stream_of_thought"": ""Stream of thought 22 for Recovering Perfectionist.""}"
Stream of thought 23 for Recovering Perfectionist.,"{""profile_name"": ""Recovering Perfectionist"", ""profile_description"": ""34-year-old overachiever turned minimalist"", ""thought_number"": 23, ""stream_of_thought"": ""Stream of thought 23 for Recovering Perfectionist.""}"
Stream of thought 24 for Recovering Perfectionist.,"{""profile_name"": ""Recovering Perfectionist"", ""profile_description"": ""34-year-old overachiever turned minimalist"", ""thought_number"": 24, ""stream_of_thought"": ""Stream of thought 24 for Recovering Perfectionist.""}"
Stream of thought 25 for Recovering Perfectionist.,"{""profile_name"": ""Recovering Perfectionist"", ""profile_description"": ""34-year-old overachiever turned minimalist"", ""thought_number"": 25, ""stream_of_thought"": ""Stream of thought 25 for Recovering Perfectionist.""}"
Stream of thought 26 for Recovering Perfectionist.,"{""profile_name"": ""Recovering Perfectionist"", ""profile_description"": ""34-year-old overachiever turned minimalist"", ""thought_number"": 26, ""stream_of_thought"": ""Stream of thought 26 for Recovering Perfectionist.""}"
Stream of thought 27 for Recovering Perfectionist.,"{""profile_name"": ""Recovering Perfectionist"", ""profile_description"": ""34-year-old overachiever turned minimalist"", ""thought_number"": 27, ""stream_of_thought"": ""Stream of thought 27 for Recovering Perfectionist.""}"
Stream of thought 28 for Recovering Perfectionist.,"{""profile_name"": ""Recovering Perfectionist"", ""profile_description"": ""34-year-old overachiever turned minimalist"", ""thought_number"": 28, ""stream_of_thought"": ""Stream of thought 28 for Recovering Perfectionist.""}"
Stream of thought 29 for Recovering Perfectionist.,"{""profile_name"": ""Recovering Perfectionist"", ""profile_description"": ""34-year-old overachiever turned minimalist"", ""thought_number"": 29, ""stream_of_thought"": ""Stream of thought 29 for Recovering Perfectionist.""}"
Stream of thought 30 for Recovering Perfectionist.,"{""profile_name"": ""Recovering Perfectionist"", ""profile_description"": ""34-year-old overachiever turned minimalist"", ""thought_number"": 30, ""stream_of_thought"": ""Stream of thought 30 for Recovering Perfectionist.""}"
Stream of thought 31 for Recovering Perfectionist.,"{""profile_name"": ""Recovering Perfectionist"", ""profile_description"": ""34-year-old overachiever turned minimalist"", ""thought_number"": 31, ""stream_of_thought"": ""Stream of thought 31 for Recovering Perfectionist.""}"
Stream of thought 32 for Recovering Perfectionist.,"{""profile_name"": ""Recovering Perfectionist"", ""profile_description"": ""34-year-old overachiever turned minimalist"", ""thought_number"": 32, ""stream_of_thought"": ""Stream of thought 32 for Recovering Perfectionist.""}"
Stream of thought 33 for Recovering Perfectionist.,"{""profile_name"": ""Recovering Perfectionist"", ""profile_description"": ""34-year-old overachiever turned minimalist"", ""thought_number"": 33, ""stream_of_thought"": ""Stream of thought 33 for Recovering Perfectionist.""}"
Stream of thought 34 for Recovering Perfectionist.,"{""profile_name"": ""Recovering Perfectionist"", ""profile_description"": ""34-year-old overachiever turned minimalist"", ""thought_number"": 34, ""stream_of_thought"": ""Stream of thought 34 for Recovering Perfectionist.""}"
Stream of thought 35 for Recovering Perfectionist.,"{""profile_name"": ""Recovering Perfectionist"", ""profile_description"": ""34-year-old overachiever turned minimalist"", ""thought_number"": 35, ""stream_of_thought"": ""Stream of thought 35 for Recovering Perfectionist.""}"
Stream of thought 36 for Recovering Perfectionist.,"{""profile_name"": ""Recovering Perfectionist"", ""profile_description"": ""34-year-old overachiever turned minimalist"", ""thought_number"": 36, ""stream_of_thought"": ""Stream of thought 36 for Recovering Perfectionist.""}"
Stream of thought 37 for Recovering Perfectionist.,"{""profile_name"": ""Recovering Perfectionist"", ""profile_description"": ""34-year-old overachiever turned minimalist"", ""thought_number"": 37, ""stream_of_thought"": ""Stream of thought 37 for Recovering Perfectionist.""}"
Stream of thought 38 for Recovering Perfectionist.,"{""profile_name"": ""Recovering Perfectionist"", ""profile_description"": ""34-year-old overachiever turned minimalist"", ""thought_number"": 38, ""stream_of_thought"": ""Stream of thought 38 for Recovering Perfectionist.""}"
Stream of thought 39 for Recovering Perfectionist.,"{""profile_name"": ""Recovering Perfectionist"", ""profile_description"": ""34-year-old overachiever turned minimalist"", ""thought_number"": 39, ""stream_of_thought"": ""Stream of thought 39 for Recovering Perfectionist.""}"
Stream of thought 40 for Recovering Perfectionist.,"{""profile_name"": ""Recovering Perfectionist"", ""profile_description"": ""34-year-old overachiever turned minimalist"", ""thought_number"": 40, ""stream_of_thought"": ""Stream of thought 40 for Recovering Perfectionist.""}"
Stream of thought 41 for Recovering Perfectionist.,"{""profile_name"": ""Recovering Perfectionist"", ""profile_description"": ""34-year-old overachiever turned minimalist"", ""thought_number"": 41, ""stream_of_thought"": ""Stream of thought 41 for Recovering Perfectionist.""}"
Stream of thought 42 for Recovering Perfectionist.,"{""profile_name"": ""Recovering Perfectionist"", ""profile_description"": ""34-year-old overachiever turned minimalist"", ""thought_number"": 42, ""stream_of_thought"": ""Stream of thought 42 for Recovering Perfectionist.""}"
Stream of thought 43 for Recovering Perfectionist.,"{""profile_name"": ""Recovering Perfectionist"", ""profile_description"": ""34-year-old overachiever turned minimalist"", ""thought_number"": 43, ""stream_of_thought"": ""Stream of thought 43 for Recovering Perfectionist.""}"
Stream of thought 44 for Recovering Perfectionist.,"{""profile_name"": ""Recovering Perfectionist"", ""profile_description"": ""34-year-old overachiever turned minimalist"", ""thought_number"": 44, ""stream_of_thought"": ""Stream of thought 44 for Recovering Perfectionist.""}"
Stream of thought 45 for Recovering Perfectionist.,"{""profile_name"": ""Recovering Perfectionist"", ""profile_description"": ""34-year-old overachiever turned minimalist"", ""thought_number"": 45, ""stream_of_thought"": ""Stream of thought 45 for Recovering Perfectionist.""}"
Stream of thought 46 for Recovering Perfectionist.,"{""profile_name"": ""Recovering Perfectionist"", ""profile_description"": ""34-year-old overachiever turned minimalist"", ""thought_number"": 46, ""stream_of_thought"": ""Stream of thought 46 for Recovering Perfectionist.""}"
Stream of thought 47 for Recovering Perfectionist.,"{""profile_name"": ""Recovering Perfectionist"", ""profile_description"": ""34-year-old overachiever turned minimalist"", ""thought_number"": 47, ""stream_of_thought"": ""Stream of thought 47 for Recovering Perfectionist.""}"
Stream of thought 48 for Recovering Perfectionist.,"{""profile_name"": ""Recovering Perfectionist"", ""profile_description"": ""34-year-old overachiever turned minimalist"", ""thought_number"": 48, ""stream_of_thought"": ""Stream of thought 48 for Recovering Perfectionist.""}"
Stream of thought 49 for Recovering Perfectionist.,"{""profile_name"": ""Recovering Perfectionist"", ""profile_description"": ""34-year-old overachiever turned minimalist"", ""thought_number"": 49, ""stream_of_thought"": ""Stream of thought 49 for Recovering Perfectionist.""}"
Stream of thought 50 for Recovering Perfectionist.,"{""profile_name"": ""Recovering Perfectionist"", ""profile_description"": ""34-year-old overachiever turned minimalist"", ""thought_number"": 50, ""stream_of_thought"": ""Stream of thought 50 for Recovering Perfectionist.""}"
Stream of thought 1 for University Researcher.,"{""profile_name"": ""University Researcher"", ""profile_description"": ""41-year-old academic juggling teaching, research, and publications"", ""thought_number"": 1, ""stream_of_thought"": ""Stream of thought 1 for University Researcher.""}"
Stream of thought 2 for University Researcher.,"{""profile_name"": ""University Researcher"", ""profile_description"": ""41-year-old academic juggling teaching, research, and publications"", ""thought_number"": 2, ""stream_of_thought"": ""Stream of thought 2 for University Researcher.""}"
Stream of thought 3 for University Researcher.,"{""profile_name"": ""University Researcher"", ""profile_description"": ""41-year-old academic juggling teaching, research, and publications"", ""thought_number"": 3, ""stream_of_thought"": ""Stream of thought 3 for University Researcher.""}"
Stream of thought 4 for University Researcher.,"{""profile_name"": ""University Researcher"", ""profile_description"": ""41-year-old academic juggling teaching, research, and publications"", ""thought_number"": 4, ""stream_of_thought"": ""Stream of thought 4 for University Researcher.""}"
Stream of thought 5 for University Researcher.,"{""profile_name"": ""University Researcher"", ""profile_description"": ""41-year-old academic juggling teaching, research, and publications"", ""thought_number"": 5, ""stream_of_thought"": ""Stream of thought 5 for University Researcher.""}"
Stream of thought 6 for University Researcher.,"{""profile_name"": ""University Researcher"", ""profile_description"": ""41-year-old academic juggling teaching, research, and publications"", ""thought_number"": 6, ""stream_of_thought"": ""Stream of thought 6 for University Researcher.""}"
Stream of thought 7 for University Researcher.,"{""profile_name"": ""University Researcher"", ""profile_description"": ""41-year-old academic juggling teaching, research, and publications"", ""thought_number"": 7, ""stream_of_thought"": ""Stream of thought 7 for University Researcher.""}"
Stream of thought 8 for University Researcher.,"{""profile_name"": ""University Researcher"", ""profile_description"": ""41-year-old academic juggling teaching, research, and publications"", ""thought_number"": 8, ""stream_of_thought"": ""Stream of thought 8 for University Researcher.""}"
Stream of thought 9 for University Researcher.,"{""profile_name"": ""University Researcher"", ""profile_description"": ""41-year-old academic juggling teaching, research, and publications"", ""thought_number"": 9, ""stream_of_thought"": ""Stream of thought 9 for University Researcher.""}"
Stream of thought 10 for University Researcher.,"{""profile_name"": ""University Researcher"", ""profile_description"": ""41-year-old academic juggling teaching, research, and publications"", ""thought_number"": 10, ""stream_of_thought"": ""Stream of thought 10 for University Researcher.""}"
Stream of thought 11 for University Researcher.,"{""profile_name"": ""University Researcher"", ""profile_description"": ""41-year-old academic juggling teaching, research, and publications"", ""thought_number"": 11, ""stream_of_thought"": ""Stream of thought 11 for University Researcher.""}"
Stream of thought 12 for University Researcher.,"{""profile_name"": ""University Researcher"", ""profile_description"": ""41-year-old academic juggling teaching, research, and publications"", ""thought_number"": 12, ""stream_of_thought"": ""Stream of thought 12 for University Researcher.""}"
Stream of thought 13 for University Researcher.,"{""profile_name"": ""University Researcher"", ""profile_description"": ""41-year-old academic juggling teaching, research, and publications"", ""thought_number"": 13, ""stream_of_thought"": ""Stream of thought 13 for University Researcher.""}"
Stream of thought 14 for University Researcher.,"{""profile_name"": ""University Researcher"", ""profile_description"": ""41-year-old academic juggling teaching, research, and publications"", ""thought_number"": 14, ""stream_of_thought"": ""Stream of thought 14 for University Researcher.""}"
Stream of thought 15 for University Researcher.,"{""profile_name"": ""University Researcher"", ""profile_description"": ""41-year-old academic juggling teaching, research, and publications"", ""thought_number"": 15, ""stream_of_thought"": ""Stream of thought 15 for University Researcher.""}"
Stream of thought 16 for University Researcher.,"{""profile_name"": ""University Researcher"", ""profile_description"": ""41-year-old academic juggling teaching, research, and publications"", ""thought_number"": 16, ""stream_of_thought"": ""Stream of thought 16 for University Researcher.""}"
Stream of thought 17 for University Researcher.,"{""profile_name"": ""University Researcher"", ""profile_description"": ""41-year-old academic juggling teaching, research, and publications"", ""thought_number"": 17, ""stream_of_thought"": ""Stream of thought 17 for University Researcher.""}"
Stream of thought 18 for University Researcher.,"{""profile_name"": ""University Researcher"", ""profile_description"": ""41-year-old academic juggling teaching, research, and publications"", ""thought_number"": 18, ""stream_of_thought"": ""Stream of thought 18 for University Researcher.""}"
Stream of thought 19 for University Researcher.,"{""profile_name"": ""University Researcher"", ""profile_description"": ""41-year-old academic juggling teaching, research, and publications"", ""thought_number"": 19, ""stream_of_thought"": ""Stream of thought 19 for University Researcher.""}"
Stream of thought 20 for University Researcher.,"{""profile_name"": ""University Researcher"", ""profile_description"": ""41-year-old academic juggling teaching, research, and publications"", ""thought_number"": 20, ""stream_of_thought"": ""Stream of thought 20 for University Researcher.""}"
Stream of thought 21 for University Researcher.,"{""profile_name"": ""University Researcher"", ""profile_description"": ""41-year-old academic juggling teaching, research, and publications"", ""thought_number"": 21, ""stream_of_thought"": ""Stream of thought 21 for University Researcher.""}"
Stream of thought 22 for University Researcher.,"{""profile_name"": ""University Researcher"", ""profile_description"": ""41-year-old academic juggling teaching, research, and publications"", ""thought_number"": 22, ""stream_of_thought"": ""Stream of thought 22 for University Researcher.""}"
Stream of thought 23 for University Researcher.,"{""profile_name"": ""University Researcher"", ""profile_description"": ""41-year-old academic juggling teaching, research, and publications"", ""thought_number"": 23, ""stream_of_thought"": ""Stream of thought 23 for University Researcher.""}"
Stream of thought 24 for University Researcher.,"{""profile_name"": ""University Researcher"", ""profile_description"": ""41-year-old academic juggling teaching, research, and publications"", ""thought_number"": 24, ""stream_of_thought"": ""Stream of thought 24 for University Researcher.""}"
Stream of thought 25 for University Researcher.,"{""profile_name"": ""University Researcher"", ""profile_description"": ""41-year-old academic juggling teaching, research, and publications"", ""thought_number"": 25, ""stream_of_thought"": ""Stream of thought 25 for University Researcher.""}"
Stream of thought 26 for University Researcher.,"{""profile_name"": ""University Researcher"", ""profile_description"": ""41-year-old academic juggling teaching, research, and publications"", ""thought_number"": 26, ""stream_of_thought"": ""Stream of thought 26 for University Researcher.""}"
Stream of thought 27 for University Researcher.,"{""profile_name"": ""University Researcher"", ""profile_description"": ""41-year-old academic juggling teaching, research, and publications"", ""thought_number"": 27, ""stream_of_thought"": ""Stream of thought 27 for University Researcher.""}"
Stream of thought 28 for University Researcher.,"{""profile_name"": ""University Researcher"", ""profile_description"": ""41-year-old academic juggling teaching, research, and publications"", ""thought_number"": 28, ""stream_of_thought"": ""Stream of thought 28 for University Researcher.""}"
Stream of thought 29 for University Researcher.,"{""profile_name"": ""University Researcher"", ""profile_description"": ""41-year-old academic juggling teaching, research, and publications"", ""thought_number"": 29, ""stream_of_thought"": ""Stream of thought 29 for University Researcher.""}"
Stream of thought 30 for University Researcher.,"{""profile_name"": ""University Researcher"", ""profile_description"": ""41-year-old academic juggling teaching, research, and publications"", ""thought_number"": 30, ""stream_of_thought"": ""Stream of thought 30 for University Researcher.""}"
Stream of thought 31 for University Researcher.,"{""profile_name"": ""University Researcher"", ""profile_description"": ""41-year-old academic juggling teaching, research, and publications"", ""thought_number"": 31, ""stream_of_thought"": ""Stream of thought 31 for University Researcher.""}"
Stream of thought 32 for University Researcher.,"{""profile_name"": ""University Researcher"", ""profile_description"": ""41-year-old academic juggling teaching, research, and publications"", ""thought_number"": 32, ""stream_of_thought"": ""Stream of thought 32 for University Researcher.""}"
Stream of thought 33 for University Researcher.,"{""profile_name"": ""University Researcher"", ""profile_description"": ""41-year-old academic juggling teaching, research, and publications"", ""thought_number"": 33, ""stream_of_thought"": ""Stream of thought 33 for University Researcher.""}"
Stream of thought 34 for University Researcher.,"{""profile_name"": ""University Researcher"", ""profile_description"": ""41-year-old academic juggling teaching, research, and publications"", ""thought_number"": 34, ""stream_of_thought"": ""Stream of thought 34 for University Researcher.""}"
Stream of thought 35 for University Researcher.,"{""profile_name"": ""University Researcher"", ""profile_description"": ""41-year-old academic juggling teaching, research, and publications"", ""thought_number"": 35, ""stream_of_thought"": ""Stream of thought 35 for University Researcher.""}"
Stream of thought 36 for University Researcher.,"{""profile_name"": ""University Researcher"", ""profile_description"": ""41-year-old academic juggling teaching, research, and publications"", ""thought_number"": 36, ""stream_of_thought"": ""Stream of thought 36 for University Researcher.""}"
Stream of thought 37 for University Researcher.,"{""profile_name"": ""University Researcher"", ""profile_description"": ""41-year-old academic juggling teaching, research, and publications"", ""thought_number"": 37, ""stream_of_thought"": ""Stream of thought 37 for University Researcher.""}"
Stream of thought 38 for University Researcher.,"{""profile_name"": ""University Researcher"", ""profile_description"": ""41-year-old academic juggling teaching, research, and publications"", ""thought_number"": 38, ""stream_of_thought"": ""Stream of thought 38 for University Researcher.""}"
Stream of thought 39 for University Researcher.,"{""profile_name"": ""University Researcher"", ""profile_description"": ""41-year-old academic juggling teaching, research, and publications"", ""thought_number"": 39, ""stream_of_thought"": ""Stream of thought 39 for University Researcher.""}"
Stream of thought 40 for University Researcher.,"{""profile_name"": ""University Researcher"", ""profile_description"": ""41-year-old academic juggling teaching, research, and publications"", ""thought_number"": 40, ""stream_of_thought"": ""Stream of thought 40 for University Researcher.""}"
Stream of thought 41 for University Researcher.,"{""profile_name"": ""University Researcher"", ""profile_description"": ""41-year-old academic juggling teaching, research, and publications"", ""thought_number"": 41, ""stream_of_thought"": ""Stream of thought 41 for University Researcher.""}"
Stream of thought 42 for University Researcher.,"{""profile_name"": ""University Researcher"", ""profile_description"": ""41-year-old academic juggling teaching, research, and publications"", ""thought_number"": 42, ""stream_of_thought"": ""Stream of thought 42 for University Researcher.""}"
Stream of thought 43 for University Researcher.,"{""profile_name"": ""University Researcher"", ""profile_description"": ""41-year-old academic juggling teaching, research, and publications"", ""thought_number"": 43, ""stream_of_thought"": ""Stream of thought 43 for University Researcher.""}"
Stream of thought 44 for University Researcher.,"{""profile_name"": ""University Researcher"", ""profile_description"": ""41-year-old academic juggling teaching, research, and publications"", ""thought_number"": 44, ""stream_of_thought"": ""Stream of thought 44 for University Researcher.""}"
Stream of thought 45 for University Researcher.,"{""profile_name"": ""University Researcher"", ""profile_description"": ""41-year-old academic juggling teaching, research, and publications"", ""thought_number"": 45, ""stream_of_thought"": ""Stream of thought 45 for University Researcher.""}"
Stream of thought 46 for University Researcher.,"{""profile_name"": ""University Researcher"", ""profile_description"": ""41-year-old academic juggling teaching, research, and publications"", ""thought_number"": 46, ""stream_of_thought"": ""Stream of thought 46 for University Researcher.""}"
Stream of thought 47 for University Researcher.,"{""profile_name"": ""University Researcher"", ""profile_description"": ""41-year-old academic juggling teaching, research, and publications"", ""thought_number"": 47, ""stream_of_thought"": ""Stream of thought 47 for University Researcher.""}"
Stream of thought 48 for University Researcher.,"{""profile_name"": ""University Researcher"", ""profile_description"": ""41-year-old academic juggling teaching, research, and publications"", ""thought_number"": 48, ""stream_of_thought"": ""Stream of thought 48 for University Researcher.""}"
Stream of thought 49 for University Researcher.,"{""profile_name"": ""University Researcher"", ""profile_description"": ""41-year-old academic juggling teaching, research, and publications"", ""thought_number"": 49, ""stream_of_thought"": ""Stream of thought 49 for University Researcher.""}"
Stream of thought 50 for University Researcher.,"{""profile_name"": ""University Researcher"", ""profile_description"": ""41-year-old academic juggling teaching, research, and publications"", ""thought_number"": 50, ""stream_of_thought"": ""Stream of thought 50 for University Researcher.""}"
Stream of thought 1 for Unschooling Parent.,"{""profile_name"": ""Unschooling Parent"", ""profile_description"": ""36-year-old parent home-educating two kids"", ""thought_number"": 1, ""stream_of_thought"": ""Stream of thought 1 for Unschooling Parent.""}"
Stream of thought 2 for Unschooling Parent.,"{""profile_name"": ""Unschooling Parent"", ""profile_description"": ""36-year-old parent home-educating two kids"", ""thought_number"": 2, ""stream_of_thought"": ""Stream of thought 2 for Unschooling Parent.""}"
Stream of thought 3 for Unschooling Parent.,"{""profile_name"": ""Unschooling Parent"", ""profile_description"": ""36-year-old parent home-educating two kids"", ""thought_number"": 3, ""stream_of_thought"": ""Stream of thought 3 for Unschooling Parent.""}"
Stream of thought 4 for Unschooling Parent.,"{""profile_name"": ""Unschooling Parent"", ""profile_description"": ""36-year-old parent home-educating two kids"", ""thought_number"": 4, ""stream_of_thought"": ""Stream of thought 4 for Unschooling Parent.""}"
Stream of thought 5 for Unschooling Parent.,"{""profile_name"": ""Unschooling Parent"", ""profile_description"": ""36-year-old parent home-educating two kids"", ""thought_number"": 5, ""stream_of_thought"": ""Stream of thought 5 for Unschooling Parent.""}"
Stream of thought 6 for Unschooling Parent.,"{""profile_name"": ""Unschooling Parent"", ""profile_description"": ""36-year-old parent home-educating two kids"", ""thought_number"": 6, ""stream_of_thought"": ""Stream of thought 6 for Unschooling Parent.""}"
Stream of thought 7 for Unschooling Parent.,"{""profile_name"": ""Unschooling Parent"", ""profile_description"": ""36-year-old parent home-educating two kids"", ""thought_number"": 7, ""stream_of_thought"": ""Stream of thought 7 for Unschooling Parent.""}"
Stream of thought 8 for Unschooling Parent.,"{""profile_name"": ""Unschooling Parent"", ""profile_description"": ""36-year-old parent home-educating two kids"", ""thought_number"": 8, ""stream_of_thought"": ""Stream of thought 8 for Unschooling Parent.""}"
Stream of thought 9 for Unschooling Parent.,"{""profile_name"": ""Unschooling Parent"", ""profile_description"": ""36-year-old parent home-educating two kids"", ""thought_number"": 9, ""stream_of_thought"": ""Stream of thought 9 for Unschooling Parent.""}"
Stream of thought 10 for Unschooling Parent.,"{""profile_name"": ""Unschooling Parent"", ""profile_description"": ""36-year-old parent home-educating two kids"", ""thought_number"": 10, ""stream_of_thought"": ""Stream of thought 10 for Unschooling Parent.""}"
Stream of thought 11 for Unschooling Parent.,"{""profile_name"": ""Unschooling Parent"", ""profile_description"": ""36-year-old parent home-educating two kids"", ""thought_number"": 11, ""stream_of_thought"": ""Stream of thought 11 for Unschooling Parent.""}"
Stream of thought 12 for Unschooling Parent.,"{""profile_name"": ""Unschooling Parent"", ""profile_description"": ""36-year-old parent home-educating two kids"", ""thought_number"": 12, ""stream_of_thought"": ""Stream of thought 12 for Unschooling Parent.""}"
Stream of thought 13 for Unschooling Parent.,"{""profile_name"": ""Unschooling Parent"", ""profile_description"": ""36-year-old parent home-educating two kids"", ""thought_number"": 13, ""stream_of_thought"": ""Stream of thought 13 for Unschooling Parent.""}"
Stream of thought 14 for Unschooling Parent.,"{""profile_name"": ""Unschooling Parent"", ""profile_description"": ""36-year-old parent home-educating two kids"", ""thought_number"": 14, ""stream_of_thought"": ""Stream of thought 14 for Unschooling Parent.""}"
Stream of thought 15 for Unschooling Parent.,"{""profile_name"": ""Unschooling Parent"", ""profile_description"": ""36-year-old parent home-educating two kids"", ""thought_number"": 15, ""stream_of_thought"": ""Stream of thought 15 for Unschooling Parent.""}"
Stream of thought 16 for Unschooling Parent.,"{""profile_name"": ""Unschooling Parent"", ""profile_description"": ""36-year-old parent home-educating two kids"", ""thought_number"": 16, ""stream_of_thought"": ""Stream of thought 16 for Unschooling Parent.""}"
Stream of thought 17 for Unschooling Parent.,"{""profile_name"": ""Unschooling Parent"", ""profile_description"": ""36-year-old parent home-educating two kids"", ""thought_number"": 17, ""stream_of_thought"": ""Stream of thought 17 for Unschooling Parent.""}"
Stream of thought 18 for Unschooling Parent.,"{""profile_name"": ""Unschooling Parent"", ""profile_description"": ""36-year-old parent home-educating two kids"", ""thought_number"": 18, ""stream_of_thought"": ""Stream of thought 18 for Unschooling Parent.""}"
Stream of thought 19 for Unschooling Parent.,"{""profile_name"": ""Unschooling Parent"", ""profile_description"": ""36-year-old parent home-educating two kids"", ""thought_number"": 19, ""stream_of_thought"": ""Stream of thought 19 for Unschooling Parent.""}"
Stream of thought 20 for Unschooling Parent.,"{""profile_name"": ""Unschooling Parent"", ""profile_description"": ""36-year-old parent home-educating two kids"", ""thought_number"": 20, ""stream_of_thought"": ""Stream of thought 20 for Unschooling Parent.""}"
Stream of thought 21 for Unschooling Parent.,"{""profile_name"": ""Unschooling Parent"", ""profile_description"": ""36-year-old parent home-educating two kids"", ""thought_number"": 21, ""stream_of_thought"": ""Stream of thought 21 for Unschooling Parent.""}"
Stream of thought 22 for Unschooling Parent.,"{""profile_name"": ""Unschooling Parent"", ""profile_description"": ""36-year-old parent home-educating two kids"", ""thought_number"": 22, ""stream_of_thought"": ""Stream of thought 22 for Unschooling Parent.""}"
Stream of thought 23 for Unschooling Parent.,"{""profile_name"": ""Unschooling Parent"", ""profile_description"": ""36-year-old parent home-educating two kids"", ""thought_number"": 23, ""stream_of_thought"": ""Stream of thought 23 for Unschooling Parent.""}"
Stream of thought 24 for Unschooling Parent.,"{""profile_name"": ""Unschooling Parent"", ""profile_description"": ""36-year-old parent home-educating two kids"", ""thought_number"": 24, ""stream_of_thought"": ""Stream of thought 24 for Unschooling Parent.""}"
Stream of thought 25 for Unschooling Parent.,"{""profile_name"": ""Unschooling Parent"", ""profile_description"": ""36-year-old parent home-educating two kids"", ""thought_number"": 25, ""stream_of_thought"": ""Stream of thought 25 for Unschooling Parent.""}"
Stream of thought 26 for Unschooling Parent.,"{""profile_name"": ""Unschooling Parent"", ""profile_description"": ""36-year-old parent home-educating two kids"", ""thought_number"": 26, ""stream_of_thought"": ""Stream of thought 26 for Unschooling Parent.""}"
Stream of thought 27 for Unschooling Parent.,"{""profile_name"": ""Unschooling Parent"", ""profile_description"": ""36-year-old parent home-educating two kids"", ""thought_number"": 27, ""stream_of_thought"": ""Stream of thought 27 for Unschooling Parent.""}"
Stream of thought 28 for Unschooling Parent.,"{""profile_name"": ""Unschooling Parent"", ""profile_description"": ""36-year-old parent home-educating two kids"", ""thought_number"": 28, ""stream_of_thought"": ""Stream of thought 28 for Unschooling Parent.""}"
Stream of thought 29 for Unschooling Parent.,"{""profile_name"": ""Unschooling Parent"", ""profile_description"": ""36-year-old parent home-educating two kids"", ""thought_number"": 29, ""stream_of_thought"": ""Stream of thought 29 for Unschooling Parent.""}"
Stream of thought 30 for Unschooling Parent.,"{""profile_name"": ""Unschooling Parent"", ""profile_description"": ""36-year-old parent home-educating two kids"", ""thought_number"": 30, ""stream_of_thought"": ""Stream of thought 30 for Unschooling Parent.""}"
Stream of thought 31 for Unschooling Parent.,"{""profile_name"": ""Unschooling Parent"", ""profile_description"": ""36-year-old parent home-educating two kids"", ""thought_number"": 31, ""stream_of_thought"": ""Stream of thought 31 for Unschooling Parent.""}"
Stream of thought 32 for Unschooling Parent.,"{""profile_name"": ""Unschooling Parent"", ""profile_description"": ""36-year-old parent home-educating two kids"", ""thought_number"": 32, ""stream_of_thought"": ""Stream of thought 32 for Unschooling Parent.""}"
Stream of thought 33 for Unschooling Parent.,"{""profile_name"": ""Unschooling Parent"", ""profile_description"": ""36-year-old parent home-educating two kids"", ""thought_number"": 33, ""stream_of_thought"": ""Stream of thought 33 for Unschooling Parent.""}"
Stream of thought 34 for Unschooling Parent.,"{""profile_name"": ""Unschooling Parent"", ""profile_description"": ""36-year-old parent home-educating two kids"", ""thought_number"": 34, ""stream_of_thought"": ""Stream of thought 34 for Unschooling Parent.""}"
Stream of thought 35 for Unschooling Parent.,"{""profile_name"": ""Unschooling Parent"", ""profile_description"": ""36-year-old parent home-educating two kids"", ""thought_number"": 35, ""stream_of_thought"": ""Stream of thought 35 for Unschooling Parent.""}"
Stream of thought 36 for Unschooling Parent.,"{""profile_name"": ""Unschooling Parent"", ""profile_description"": ""36-year-old parent home-educating two kids"", ""thought_number"": 36, ""stream_of_thought"": ""Stream of thought 36 for Unschooling Parent.""}"
Stream of thought 37 for Unschooling Parent.,"{""profile_name"": ""Unschooling Parent"", ""profile_description"": ""36-year-old parent home-educating two kids"", ""thought_number"": 37, ""stream_of_thought"": ""Stream of thought 37 for Unschooling Parent.""}"
Stream of thought 38 for Unschooling Parent.,"{""profile_name"": ""Unschooling Parent"", ""profile_description"": ""36-year-old parent home-educating two kids"", ""thought_number"": 38, ""stream_of_thought"": ""Stream of thought 38 for Unschooling Parent.""}"
Stream of thought 39 for Unschooling Parent.,"{""profile_name"": ""Unschooling Parent"", ""profile_description"": ""36-year-old parent home-educating two kids"", ""thought_number"": 39, ""stream_of_thought"": ""Stream of thought 39 for Unschooling Parent.""}"
Stream of thought 40 for Unschooling Parent.,"{""profile_name"": ""Unschooling Parent"", ""profile_description"": ""36-year-old parent home-educating two kids"", ""thought_number"": 40, ""stream_of_thought"": ""Stream of thought 40 for Unschooling Parent.""}"
Stream of thought 41 for Unschooling Parent.,"{""profile_name"": ""Unschooling Parent"", ""profile_description"": ""36-year-old parent home-educating two kids"", ""thought_number"": 41, ""stream_of_thought"": ""Stream of thought 41 for Unschooling Parent.""}"
Stream of thought 42 for Unschooling Parent.,"{""profile_name"": ""Unschooling Parent"", ""profile_description"": ""36-year-old parent home-educating two kids"", ""thought_number"": 42, ""stream_of_thought"": ""Stream of thought 42 for Unschooling Parent.""}"
Stream of thought 43 for Unschooling Parent.,"{""profile_name"": ""Unschooling Parent"", ""profile_description"": ""36-year-old parent home-educating two kids"", ""thought_number"": 43, ""stream_of_thought"": ""Stream of thought 43 for Unschooling Parent.""}"
Stream of thought 44 for Unschooling Parent.,"{""profile_name"": ""Unschooling Parent"", ""profile_description"": ""36-year-old parent home-educating two kids"", ""thought_number"": 44, ""stream_of_thought"": ""Stream of thought 44 for Unschooling Parent.""}"
Stream of thought 45 for Unschooling Parent.,"{""profile_name"": ""Unschooling Parent"", ""profile_description"": ""36-year-old parent home-educating two kids"", ""thought_number"": 45, ""stream_of_thought"": ""Stream of thought 45 for Unschooling Parent.""}"
Stream of thought 46 for Unschooling Parent.,"{""profile_name"": ""Unschooling Parent"", ""profile_description"": ""36-year-old parent home-educating two kids"", ""thought_number"": 46, ""stream_of_thought"": ""Stream of thought 46 for Unschooling Parent.""}"
Stream of thought 47 for Unschooling Parent.,"{""profile_name"": ""Unschooling Parent"", ""profile_description"": ""36-year-old parent home-educating two kids"", ""thought_number"": 47, ""stream_of_thought"": ""Stream of thought 47 for Unschooling Parent.""}"
Stream of thought 48 for Unschooling Parent.,"{""profile_name"": ""Unschooling Parent"", ""profile_description"": ""36-year-old parent home-educating two kids"", ""thought_number"": 48, ""stream_of_thought"": ""Stream of thought 48 for Unschooling Parent.""}"
Stream of thought 49 for Unschooling Parent.,"{""profile_name"": ""Unschooling Parent"", ""profile_description"": ""36-year-old parent home-educating two kids"", ""thought_number"": 49, ""stream_of_thought"": ""Stream of thought 49 for Unschooling Parent.""}"
Stream of thought 50 for Unschooling Parent.,"{""profile_name"": ""Unschooling Parent"", ""profile_description"": ""36-year-old parent home-educating two kids"", ""thought_number"": 50, ""stream_of_thought"": ""Stream of thought 50 for Unschooling Parent.""}"
Stream of thought 1 for Mindfulness Teacher.,"{""profile_name"": ""Mindfulness Teacher"", ""profile_description"": ""48-year-old guiding people in conscious living"", ""thought_number"": 1, ""stream_of_thought"": ""Stream of thought 1 for Mindfulness Teacher.""}"
Stream of thought 2 for Mindfulness Teacher.,"{""profile_name"": ""Mindfulness Teacher"", ""profile_description"": ""48-year-old guiding people in conscious living"", ""thought_number"": 2, ""stream_of_thought"": ""Stream of thought 2 for Mindfulness Teacher.""}"
Stream of thought 3 for Mindfulness Teacher.,"{""profile_name"": ""Mindfulness Teacher"", ""profile_description"": ""48-year-old guiding people in conscious living"", ""thought_number"": 3, ""stream_of_thought"": ""Stream of thought 3 for Mindfulness Teacher.""}"
Stream of thought 4 for Mindfulness Teacher.,"{""profile_name"": ""Mindfulness Teacher"", ""profile_description"": ""48-year-old guiding people in conscious living"", ""thought_number"": 4, ""stream_of_thought"": ""Stream of thought 4 for Mindfulness Teacher.""}"
Stream of thought 5 for Mindfulness Teacher.,"{""profile_name"": ""Mindfulness Teacher"", ""profile_description"": ""48-year-old guiding people in conscious living"", ""thought_number"": 5, ""stream_of_thought"": ""Stream of thought 5 for Mindfulness Teacher.""}"
Stream of thought 6 for Mindfulness Teacher.,"{""profile_name"": ""Mindfulness Teacher"", ""profile_description"": ""48-year-old guiding people in conscious living"", ""thought_number"": 6, ""stream_of_thought"": ""Stream of thought 6 for Mindfulness Teacher.""}"
Stream of thought 7 for Mindfulness Teacher.,"{""profile_name"": ""Mindfulness Teacher"", ""profile_description"": ""48-year-old guiding people in conscious living"", ""thought_number"": 7, ""stream_of_thought"": ""Stream of thought 7 for Mindfulness Teacher.""}"
Stream of thought 8 for Mindfulness Teacher.,"{""profile_name"": ""Mindfulness Teacher"", ""profile_description"": ""48-year-old guiding people in conscious living"", ""thought_number"": 8, ""stream_of_thought"": ""Stream of thought 8 for Mindfulness Teacher.""}"
Stream of thought 9 for Mindfulness Teacher.,"{""profile_name"": ""Mindfulness Teacher"", ""profile_description"": ""48-year-old guiding people in conscious living"", ""thought_number"": 9, ""stream_of_thought"": ""Stream of thought 9 for Mindfulness Teacher.""}"
Stream of thought 10 for Mindfulness Teacher.,"{""profile_name"": ""Mindfulness Teacher"", ""profile_description"": ""48-year-old guiding people in conscious living"", ""thought_number"": 10, ""stream_of_thought"": ""Stream of thought 10 for Mindfulness Teacher.""}"
Stream of thought 11 for Mindfulness Teacher.,"{""profile_name"": ""Mindfulness Teacher"", ""profile_description"": ""48-year-old guiding people in conscious living"", ""thought_number"": 11, ""stream_of_thought"": ""Stream of thought 11 for Mindfulness Teacher.""}"
Stream of thought 12 for Mindfulness Teacher.,"{""profile_name"": ""Mindfulness Teacher"", ""profile_description"": ""48-year-old guiding people in conscious living"", ""thought_number"": 12, ""stream_of_thought"": ""Stream of thought 12 for Mindfulness Teacher.""}"
Stream of thought 13 for Mindfulness Teacher.,"{""profile_name"": ""Mindfulness Teacher"", ""profile_description"": ""48-year-old guiding people in conscious living"", ""thought_number"": 13, ""stream_of_thought"": ""Stream of thought 13 for Mindfulness Teacher.""}"
Stream of thought 14 for Mindfulness Teacher.,"{""profile_name"": ""Mindfulness Teacher"", ""profile_description"": ""48-year-old guiding people in conscious living"", ""thought_number"": 14, ""stream_of_thought"": ""Stream of thought 14 for Mindfulness Teacher.""}"
Stream of thought 15 for Mindfulness Teacher.,"{""profile_name"": ""Mindfulness Teacher"", ""profile_description"": ""48-year-old guiding people in conscious living"", ""thought_number"": 15, ""stream_of_thought"": ""Stream of thought 15 for Mindfulness Teacher.""}"
Stream of thought 16 for Mindfulness Teacher.,"{""profile_name"": ""Mindfulness Teacher"", ""profile_description"": ""48-year-old guiding people in conscious living"", ""thought_number"": 16, ""stream_of_thought"": ""Stream of thought 16 for Mindfulness Teacher.""}"
Stream of thought 17 for Mindfulness Teacher.,"{""profile_name"": ""Mindfulness Teacher"", ""profile_description"": ""48-year-old guiding people in conscious living"", ""thought_number"": 17, ""stream_of_thought"": ""Stream of thought 17 for Mindfulness Teacher.""}"
Stream of thought 18 for Mindfulness Teacher.,"{""profile_name"": ""Mindfulness Teacher"", ""profile_description"": ""48-year-old guiding people in conscious living"", ""thought_number"": 18, ""stream_of_thought"": ""Stream of thought 18 for Mindfulness Teacher.""}"
Stream of thought 19 for Mindfulness Teacher.,"{""profile_name"": ""Mindfulness Teacher"", ""profile_description"": ""48-year-old guiding people in conscious living"", ""thought_number"": 19, ""stream_of_thought"": ""Stream of thought 19 for Mindfulness Teacher.""}"
Stream of thought 20 for Mindfulness Teacher.,"{""profile_name"": ""Mindfulness Teacher"", ""profile_description"": ""48-year-old guiding people in conscious living"", ""thought_number"": 20, ""stream_of_thought"": ""Stream of thought 20 for Mindfulness Teacher.""}"
Stream of thought 21 for Mindfulness Teacher.,"{""profile_name"": ""Mindfulness Teacher"", ""profile_description"": ""48-year-old guiding people in conscious living"", ""thought_number"": 21, ""stream_of_thought"": ""Stream of thought 21 for Mindfulness Teacher.""}"
Stream of thought 22 for Mindfulness Teacher.,"{""profile_name"": ""Mindfulness Teacher"", ""profile_description"": ""48-year-old guiding people in conscious living"", ""thought_number"": 22, ""stream_of_thought"": ""Stream of thought 22 for Mindfulness Teacher.""}"
Stream of thought 23 for Mindfulness Teacher.,"{""profile_name"": ""Mindfulness Teacher"", ""profile_description"": ""48-year-old guiding people in conscious living"", ""thought_number"": 23, ""stream_of_thought"": ""Stream of thought 23 for Mindfulness Teacher.""}"
Stream of thought 24 for Mindfulness Teacher.,"{""profile_name"": ""Mindfulness Teacher"", ""profile_description"": ""48-year-old guiding people in conscious living"", ""thought_number"": 24, ""stream_of_thought"": ""Stream of thought 24 for Mindfulness Teacher.""}"
Stream of thought 25 for Mindfulness Teacher.,"{""profile_name"": ""Mindfulness Teacher"", ""profile_description"": ""48-year-old guiding people in conscious living"", ""thought_number"": 25, ""stream_of_thought"": ""Stream of thought 25 for Mindfulness Teacher.""}"
Stream of thought 26 for Mindfulness Teacher.,"{""profile_name"": ""Mindfulness Teacher"", ""profile_description"": ""48-year-old guiding people in conscious living"", ""thought_number"": 26, ""stream_of_thought"": ""Stream of thought 26 for Mindfulness Teacher.""}"
Stream of thought 27 for Mindfulness Teacher.,"{""profile_name"": ""Mindfulness Teacher"", ""profile_description"": ""48-year-old guiding people in conscious living"", ""thought_number"": 27, ""stream_of_thought"": ""Stream of thought 27 for Mindfulness Teacher.""}"
Stream of thought 28 for Mindfulness Teacher.,"{""profile_name"": ""Mindfulness Teacher"", ""profile_description"": ""48-year-old guiding people in conscious living"", ""thought_number"": 28, ""stream_of_thought"": ""Stream of thought 28 for Mindfulness Teacher.""}"
Stream of thought 29 for Mindfulness Teacher.,"{""profile_name"": ""Mindfulness Teacher"", ""profile_description"": ""48-year-old guiding people in conscious living"", ""thought_number"": 29, ""stream_of_thought"": ""Stream of thought 29 for Mindfulness Teacher.""}"
Stream of thought 30 for Mindfulness Teacher.,"{""profile_name"": ""Mindfulness Teacher"", ""profile_description"": ""48-year-old guiding people in conscious living"", ""thought_number"": 30, ""stream_of_thought"": ""Stream of thought 30 for Mindfulness Teacher.""}"
Stream of thought 31 for Mindfulness Teacher.,"{""profile_name"": ""Mindfulness Teacher"", ""profile_description"": ""48-year-old guiding people in conscious living"", ""thought_number"": 31, ""stream_of_thought"": ""Stream of thought 31 for Mindfulness Teacher.""}"
Stream of thought 32 for Mindfulness Teacher.,"{""profile_name"": ""Mindfulness Teacher"", ""profile_description"": ""48-year-old guiding people in conscious living"", ""thought_number"": 32, ""stream_of_thought"": ""Stream of thought 32 for Mindfulness Teacher.""}"
Stream of thought 33 for Mindfulness Teacher.,"{""profile_name"": ""Mindfulness Teacher"", ""profile_description"": ""48-year-old guiding people in conscious living"", ""thought_number"": 33, ""stream_of_thought"": ""Stream of thought 33 for Mindfulness Teacher.""}"
Stream of thought 34 for Mindfulness Teacher.,"{""profile_name"": ""Mindfulness Teacher"", ""profile_description"": ""48-year-old guiding people in conscious living"", ""thought_number"": 34, ""stream_of_thought"": ""Stream of thought 34 for Mindfulness Teacher.""}"
Stream of thought 35 for Mindfulness Teacher.,"{""profile_name"": ""Mindfulness Teacher"", ""profile_description"": ""48-year-old guiding people in conscious living"", ""thought_number"": 35, ""stream_of_thought"": ""Stream of thought 35 for Mindfulness Teacher.""}"
Stream of thought 36 for Mindfulness Teacher.,"{""profile_name"": ""Mindfulness Teacher"", ""profile_description"": ""48-year-old guiding people in conscious living"", ""thought_number"": 36, ""stream_of_thought"": ""Stream of thought 36 for Mindfulness Teacher.""}"
Stream of thought 37 for Mindfulness Teacher.,"{""profile_name"": ""Mindfulness Teacher"", ""profile_description"": ""48-year-old guiding people in conscious living"", ""thought_number"": 37, ""stream_of_thought"": ""Stream of thought 37 for Mindfulness Teacher.""}"
Stream of thought 38 for Mindfulness Teacher.,"{""profile_name"": ""Mindfulness Teacher"", ""profile_description"": ""48-year-old guiding people in conscious living"", ""thought_number"": 38, ""stream_of_thought"": ""Stream of thought 38 for Mindfulness Teacher.""}"
Stream of thought 39 for Mindfulness Teacher.,"{""profile_name"": ""Mindfulness Teacher"", ""profile_description"": ""48-year-old guiding people in conscious living"", ""thought_number"": 39, ""stream_of_thought"": ""Stream of thought 39 for Mindfulness Teacher.""}"
Stream of thought 40 for Mindfulness Teacher.,"{""profile_name"": ""Mindfulness Teacher"", ""profile_description"": ""48-year-old guiding people in conscious living"", ""thought_number"": 40, ""stream_of_thought"": ""Stream of thought 40 for Mindfulness Teacher.""}"
Stream of thought 41 for Mindfulness Teacher.,"{""profile_name"": ""Mindfulness Teacher"", ""profile_description"": ""48-year-old guiding people in conscious living"", ""thought_number"": 41, ""stream_of_thought"": ""Stream of thought 41 for Mindfulness Teacher.""}"
Stream of thought 42 for Mindfulness Teacher.,"{""profile_name"": ""Mindfulness Teacher"", ""profile_description"": ""48-year-old guiding people in conscious living"", ""thought_number"": 42, ""stream_of_thought"": ""Stream of thought 42 for Mindfulness Teacher.""}"
Stream of thought 43 for Mindfulness Teacher.,"{""profile_name"": ""Mindfulness Teacher"", ""profile_description"": ""48-year-old guiding people in conscious living"", ""thought_number"": 43, ""stream_of_thought"": ""Stream of thought 43 for Mindfulness Teacher.""}"
Stream of thought 44 for Mindfulness Teacher.,"{""profile_name"": ""Mindfulness Teacher"", ""profile_description"": ""48-year-old guiding people in conscious living"", ""thought_number"": 44, ""stream_of_thought"": ""Stream of thought 44 for Mindfulness Teacher.""}"
Stream of thought 45 for Mindfulness Teacher.,"{""profile_name"": ""Mindfulness Teacher"", ""profile_description"": ""48-year-old guiding people in conscious living"", ""thought_number"": 45, ""stream_of_thought"": ""Stream of thought 45 for Mindfulness Teacher.""}"
Stream of thought 46 for Mindfulness Teacher.,"{""profile_name"": ""Mindfulness Teacher"", ""profile_description"": ""48-year-old guiding people in conscious living"", ""thought_number"": 46, ""stream_of_thought"": ""Stream of thought 46 for Mindfulness Teacher.""}"
Stream of thought 47 for Mindfulness Teacher.,"{""profile_name"": ""Mindfulness Teacher"", ""profile_description"": ""48-year-old guiding people in conscious living"", ""thought_number"": 47, ""stream_of_thought"": ""Stream of thought 47 for Mindfulness Teacher.""}"
Stream of thought 48 for Mindfulness Teacher.,"{""profile_name"": ""Mindfulness Teacher"", ""profile_description"": ""48-year-old guiding people in conscious living"", ""thought_number"": 48, ""stream_of_thought"": ""Stream of thought 48 for Mindfulness Teacher.""}"
Stream of thought 49 for Mindfulness Teacher.,"{""profile_name"": ""Mindfulness Teacher"", ""profile_description"": ""48-year-old guiding people in conscious living"", ""thought_number"": 49, ""stream_of_thought"": ""Stream of thought 49 for Mindfulness Teacher.""}"
Stream of thought 50 for Mindfulness Teacher.,"{""profile_name"": ""Mindfulness Teacher"", ""profile_description"": ""48-year-old guiding people in conscious living"", ""thought_number"": 50, ""stream_of_thought"": ""Stream of thought 50 for Mindfulness Teacher.""}"
Stream of thought 1 for Community Steward.,"{""profile_name"": ""Community Steward"", ""profile_description"": ""33-year-old coordinating neighborhood initiatives"", ""thought_number"": 1, ""stream_of_thought"": ""Stream of thought 1 for Community Steward.""}"
Stream of thought 2 for Community Steward.,"{""profile_name"": ""Community Steward"", ""profile_description"": ""33-year-old coordinating neighborhood initiatives"", ""thought_number"": 2, ""stream_of_thought"": ""Stream of thought 2 for Community Steward.""}"
Stream of thought 3 for Community Steward.,"{""profile_name"": ""Community Steward"", ""profile_description"": ""33-year-old coordinating neighborhood initiatives"", ""thought_number"": 3, ""stream_of_thought"": ""Stream of thought 3 for Community Steward.""}"
Stream of thought 4 for Community Steward.,"{""profile_name"": ""Community Steward"", ""profile_description"": ""33-year-old coordinating neighborhood initiatives"", ""thought_number"": 4, ""stream_of_thought"": ""Stream of thought 4 for Community Steward.""}"
Stream of thought 5 for Community Steward.,"{""profile_name"": ""Community Steward"", ""profile_description"": ""33-year-old coordinating neighborhood initiatives"", ""thought_number"": 5, ""stream_of_thought"": ""Stream of thought 5 for Community Steward.""}"
Stream of thought 6 for Community Steward.,"{""profile_name"": ""Community Steward"", ""profile_description"": ""33-year-old coordinating neighborhood initiatives"", ""thought_number"": 6, ""stream_of_thought"": ""Stream of thought 6 for Community Steward.""}"
Stream of thought 7 for Community Steward.,"{""profile_name"": ""Community Steward"", ""profile_description"": ""33-year-old coordinating neighborhood initiatives"", ""thought_number"": 7, ""stream_of_thought"": ""Stream of thought 7 for Community Steward.""}"
Stream of thought 8 for Community Steward.,"{""profile_name"": ""Community Steward"", ""profile_description"": ""33-year-old coordinating neighborhood initiatives"", ""thought_number"": 8, ""stream_of_thought"": ""Stream of thought 8 for Community Steward.""}"
Stream of thought 9 for Community Steward.,"{""profile_name"": ""Community Steward"", ""profile_description"": ""33-year-old coordinating neighborhood initiatives"", ""thought_number"": 9, ""stream_of_thought"": ""Stream of thought 9 for Community Steward.""}"
Stream of thought 10 for Community Steward.,"{""profile_name"": ""Community Steward"", ""profile_description"": ""33-year-old coordinating neighborhood initiatives"", ""thought_number"": 10, ""stream_of_thought"": ""Stream of thought 10 for Community Steward.""}"
Stream of thought 11 for Community Steward.,"{""profile_name"": ""Community Steward"", ""profile_description"": ""33-year-old coordinating neighborhood initiatives"", ""thought_number"": 11, ""stream_of_thought"": ""Stream of thought 11 for Community Steward.""}"
Stream of thought 12 for Community Steward.,"{""profile_name"": ""Community Steward"", ""profile_description"": ""33-year-old coordinating neighborhood initiatives"", ""thought_number"": 12, ""stream_of_thought"": ""Stream of thought 12 for Community Steward.""}"
Stream of thought 13 for Community Steward.,"{""profile_name"": ""Community Steward"", ""profile_description"": ""33-year-old coordinating neighborhood initiatives"", ""thought_number"": 13, ""stream_of_thought"": ""Stream of thought 13 for Community Steward.""}"
Stream of thought 14 for Community Steward.,"{""profile_name"": ""Community Steward"", ""profile_description"": ""33-year-old coordinating neighborhood initiatives"", ""thought_number"": 14, ""stream_of_thought"": ""Stream of thought 14 for Community Steward.""}"
Stream of thought 15 for Community Steward.,"{""profile_name"": ""Community Steward"", ""profile_description"": ""33-year-old coordinating neighborhood initiatives"", ""thought_number"": 15, ""stream_of_thought"": ""Stream of thought 15 for Community Steward.""}"
Stream of thought 16 for Community Steward.,"{""profile_name"": ""Community Steward"", ""profile_description"": ""33-year-old coordinating neighborhood initiatives"", ""thought_number"": 16, ""stream_of_thought"": ""Stream of thought 16 for Community Steward.""}"
Stream of thought 17 for Community Steward.,"{""profile_name"": ""Community Steward"", ""profile_description"": ""33-year-old coordinating neighborhood initiatives"", ""thought_number"": 17, ""stream_of_thought"": ""Stream of thought 17 for Community Steward.""}"
Stream of thought 18 for Community Steward.,"{""profile_name"": ""Community Steward"", ""profile_description"": ""33-year-old coordinating neighborhood initiatives"", ""thought_number"": 18, ""stream_of_thought"": ""Stream of thought 18 for Community Steward.""}"
Stream of thought 19 for Community Steward.,"{""profile_name"": ""Community Steward"", ""profile_description"": ""33-year-old coordinating neighborhood initiatives"", ""thought_number"": 19, ""stream_of_thought"": ""Stream of thought 19 for Community Steward.""}"
Stream of thought 20 for Community Steward.,"{""profile_name"": ""Community Steward"", ""profile_description"": ""33-year-old coordinating neighborhood initiatives"", ""thought_number"": 20, ""stream_of_thought"": ""Stream of thought 20 for Community Steward.""}"
Stream of thought 21 for Community Steward.,"{""profile_name"": ""Community Steward"", ""profile_description"": ""33-year-old coordinating neighborhood initiatives"", ""thought_number"": 21, ""stream_of_thought"": ""Stream of thought 21 for Community Steward.""}"
Stream of thought 22 for Community Steward.,"{""profile_name"": ""Community Steward"", ""profile_description"": ""33-year-old coordinating neighborhood initiatives"", ""thought_number"": 22, ""stream_of_thought"": ""Stream of thought 22 for Community Steward.""}"
Stream of thought 23 for Community Steward.,"{""profile_name"": ""Community Steward"", ""profile_description"": ""33-year-old coordinating neighborhood initiatives"", ""thought_number"": 23, ""stream_of_thought"": ""Stream of thought 23 for Community Steward.""}"
Stream of thought 24 for Community Steward.,"{""profile_name"": ""Community Steward"", ""profile_description"": ""33-year-old coordinating neighborhood initiatives"", ""thought_number"": 24, ""stream_of_thought"": ""Stream of thought 24 for Community Steward.""}"
Stream of thought 25 for Community Steward.,"{""profile_name"": ""Community Steward"", ""profile_description"": ""33-year-old coordinating neighborhood initiatives"", ""thought_number"": 25, ""stream_of_thought"": ""Stream of thought 25 for Community Steward.""}"
Stream of thought 26 for Community Steward.,"{""profile_name"": ""Community Steward"", ""profile_description"": ""33-year-old coordinating neighborhood initiatives"", ""thought_number"": 26, ""stream_of_thought"": ""Stream of thought 26 for Community Steward.""}"
Stream of thought 27 for Community Steward.,"{""profile_name"": ""Community Steward"", ""profile_description"": ""33-year-old coordinating neighborhood initiatives"", ""thought_number"": 27, ""stream_of_thought"": ""Stream of thought 27 for Community Steward.""}"
Stream of thought 28 for Community Steward.,"{""profile_name"": ""Community Steward"", ""profile_description"": ""33-year-old coordinating neighborhood initiatives"", ""thought_number"": 28, ""stream_of_thought"": ""Stream of thought 28 for Community Steward.""}"
Stream of thought 29 for Community Steward.,"{""profile_name"": ""Community Steward"", ""profile_description"": ""33-year-old coordinating neighborhood initiatives"", ""thought_number"": 29, ""stream_of_thought"": ""Stream of thought 29 for Community Steward.""}"
Stream of thought 30 for Community Steward.,"{""profile_name"": ""Community Steward"", ""profile_description"": ""33-year-old coordinating neighborhood initiatives"", ""thought_number"": 30, ""stream_of_thought"": ""Stream of thought 30 for Community Steward.""}"
Stream of thought 31 for Community Steward.,"{""profile_name"": ""Community Steward"", ""profile_description"": ""33-year-old coordinating neighborhood initiatives"", ""thought_number"": 31, ""stream_of_thought"": ""Stream of thought 31 for Community Steward.""}"
Stream of thought 32 for Community Steward.,"{""profile_name"": ""Community Steward"", ""profile_description"": ""33-year-old coordinating neighborhood initiatives"", ""thought_number"": 32, ""stream_of_thought"": ""Stream of thought 32 for Community Steward.""}"
Stream of thought 33 for Community Steward.,"{""profile_name"": ""Community Steward"", ""profile_description"": ""33-year-old coordinating neighborhood initiatives"", ""thought_number"": 33, ""stream_of_thought"": ""Stream of thought 33 for Community Steward.""}"
Stream of thought 34 for Community Steward.,"{""profile_name"": ""Community Steward"", ""profile_description"": ""33-year-old coordinating neighborhood initiatives"", ""thought_number"": 34, ""stream_of_thought"": ""Stream of thought 34 for Community Steward.""}"
Stream of thought 35 for Community Steward.,"{""profile_name"": ""Community Steward"", ""profile_description"": ""33-year-old coordinating neighborhood initiatives"", ""thought_number"": 35, ""stream_of_thought"": ""Stream of thought 35 for Community Steward.""}"
Stream of thought 36 for Community Steward.,"{""profile_name"": ""Community Steward"", ""profile_description"": ""33-year-old coordinating neighborhood initiatives"", ""thought_number"": 36, ""stream_of_thought"": ""Stream of thought 36 for Community Steward.""}"
Stream of thought 37 for Community Steward.,"{""profile_name"": ""Community Steward"", ""profile_description"": ""33-year-old coordinating neighborhood initiatives"", ""thought_number"": 37, ""stream_of_thought"": ""Stream of thought 37 for Community Steward.""}"
Stream of thought 38 for Community Steward.,"{""profile_name"": ""Community Steward"", ""profile_description"": ""33-year-old coordinating neighborhood initiatives"", ""thought_number"": 38, ""stream_of_thought"": ""Stream of thought 38 for Community Steward.""}"
Stream of thought 39 for Community Steward.,"{""profile_name"": ""Community Steward"", ""profile_description"": ""33-year-old coordinating neighborhood initiatives"", ""thought_number"": 39, ""stream_of_thought"": ""Stream of thought 39 for Community Steward.""}"
Stream of thought 40 for Community Steward.,"{""profile_name"": ""Community Steward"", ""profile_description"": ""33-year-old coordinating neighborhood initiatives"", ""thought_number"": 40, ""stream_of_thought"": ""Stream of thought 40 for Community Steward.""}"
Stream of thought 41 for Community Steward.,"{""profile_name"": ""Community Steward"", ""profile_description"": ""33-year-old coordinating neighborhood initiatives"", ""thought_number"": 41, ""stream_of_thought"": ""Stream of thought 41 for Community Steward.""}"
Stream of thought 42 for Community Steward.,"{""profile_name"": ""Community Steward"", ""profile_description"": ""33-year-old coordinating neighborhood initiatives"", ""thought_number"": 42, ""stream_of_thought"": ""Stream of thought 42 for Community Steward.""}"
Stream of thought 43 for Community Steward.,"{""profile_name"": ""Community Steward"", ""profile_description"": ""33-year-old coordinating neighborhood initiatives"", ""thought_number"": 43, ""stream_of_thought"": ""Stream of thought 43 for Community Steward.""}"
Stream of thought 44 for Community Steward.,"{""profile_name"": ""Community Steward"", ""profile_description"": ""33-year-old coordinating neighborhood initiatives"", ""thought_number"": 44, ""stream_of_thought"": ""Stream of thought 44 for Community Steward.""}"
Stream of thought 45 for Community Steward.,"{""profile_name"": ""Community Steward"", ""profile_description"": ""33-year-old coordinating neighborhood initiatives"", ""thought_number"": 45, ""stream_of_thought"": ""Stream of thought 45 for Community Steward.""}"
Stream of thought 46 for Community Steward.,"{""profile_name"": ""Community Steward"", ""profile_description"": ""33-year-old coordinating neighborhood initiatives"", ""thought_number"": 46, ""stream_of_thought"": ""Stream of thought 46 for Community Steward.""}"
Stream of thought 47 for Community Steward.,"{""profile_name"": ""Community Steward"", ""profile_description"": ""33-year-old coordinating neighborhood initiatives"", ""thought_number"": 47, ""stream_of_thought"": ""Stream of thought 47 for Community Steward.""}"
Stream of thought 48 for Community Steward.,"{""profile_name"": ""Community Steward"", ""profile_description"": ""33-year-old coordinating neighborhood initiatives"", ""thought_number"": 48, ""stream_of_thought"": ""Stream of thought 48 for Community Steward.""}"
Stream of thought 49 for Community Steward.,"{""profile_name"": ""Community Steward"", ""profile_description"": ""33-year-old coordinating neighborhood initiatives"", ""thought_number"": 49, ""stream_of_thought"": ""Stream of thought 49 for Community Steward.""}"
Stream of thought 50 for Community Steward.,"{""profile_name"": ""Community Steward"", ""profile_description"": ""33-year-old coordinating neighborhood initiatives"", ""thought_number"": 50, ""stream_of_thought"": ""Stream of thought 50 for Community Steward.""}"
Stream of thought 1 for Mid-career Switcher.,"{""profile_name"": ""Mid-career Switcher"", ""profile_description"": ""39-year-old transitioning from finance to sustainable farming"", ""thought_number"": 1, ""stream_of_thought"": ""Stream of thought 1 for Mid-career Switcher.""}"
Stream of thought 2 for Mid-career Switcher.,"{""profile_name"": ""Mid-career Switcher"", ""profile_description"": ""39-year-old transitioning from finance to sustainable farming"", ""thought_number"": 2, ""stream_of_thought"": ""Stream of thought 2 for Mid-career Switcher.""}"
Stream of thought 3 for Mid-career Switcher.,"{""profile_name"": ""Mid-career Switcher"", ""profile_description"": ""39-year-old transitioning from finance to sustainable farming"", ""thought_number"": 3, ""stream_of_thought"": ""Stream of thought 3 for Mid-career Switcher.""}"
Stream of thought 4 for Mid-career Switcher.,"{""profile_name"": ""Mid-career Switcher"", ""profile_description"": ""39-year-old transitioning from finance to sustainable farming"", ""thought_number"": 4, ""stream_of_thought"": ""Stream of thought 4 for Mid-career Switcher.""}"
Stream of thought 5 for Mid-career Switcher.,"{""profile_name"": ""Mid-career Switcher"", ""profile_description"": ""39-year-old transitioning from finance to sustainable farming"", ""thought_number"": 5, ""stream_of_thought"": ""Stream of thought 5 for Mid-career Switcher.""}"
Stream of thought 6 for Mid-career Switcher.,"{""profile_name"": ""Mid-career Switcher"", ""profile_description"": ""39-year-old transitioning from finance to sustainable farming"", ""thought_number"": 6, ""stream_of_thought"": ""Stream of thought 6 for Mid-career Switcher.""}"
Stream of thought 7 for Mid-career Switcher.,"{""profile_name"": ""Mid-career Switcher"", ""profile_description"": ""39-year-old transitioning from finance to sustainable farming"", ""thought_number"": 7, ""stream_of_thought"": ""Stream of thought 7 for Mid-career Switcher.""}"
Stream of thought 8 for Mid-career Switcher.,"{""profile_name"": ""Mid-career Switcher"", ""profile_description"": ""39-year-old transitioning from finance to sustainable farming"", ""thought_number"": 8, ""stream_of_thought"": ""Stream of thought 8 for Mid-career Switcher.""}"
Stream of thought 9 for Mid-career Switcher.,"{""profile_name"": ""Mid-career Switcher"", ""profile_description"": ""39-year-old transitioning from finance to sustainable farming"", ""thought_number"": 9, ""stream_of_thought"": ""Stream of thought 9 for Mid-career Switcher.""}"
Stream of thought 10 for Mid-career Switcher.,"{""profile_name"": ""Mid-career Switcher"", ""profile_description"": ""39-year-old transitioning from finance to sustainable farming"", ""thought_number"": 10, ""stream_of_thought"": ""Stream of thought 10 for Mid-career Switcher.""}"
Stream of thought 11 for Mid-career Switcher.,"{""profile_name"": ""Mid-career Switcher"", ""profile_description"": ""39-year-old transitioning from finance to sustainable farming"", ""thought_number"": 11, ""stream_of_thought"": ""Stream of thought 11 for Mid-career Switcher.""}"
Stream of thought 12 for Mid-career Switcher.,"{""profile_name"": ""Mid-career Switcher"", ""profile_description"": ""39-year-old transitioning from finance to sustainable farming"", ""thought_number"": 12, ""stream_of_thought"": ""Stream of thought 12 for Mid-career Switcher.""}"
Stream of thought 13 for Mid-career Switcher.,"{""profile_name"": ""Mid-career Switcher"", ""profile_description"": ""39-year-old transitioning from finance to sustainable farming"", ""thought_number"": 13, ""stream_of_thought"": ""Stream of thought 13 for Mid-career Switcher.""}"
Stream of thought 14 for Mid-career Switcher.,"{""profile_name"": ""Mid-career Switcher"", ""profile_description"": ""39-year-old transitioning from finance to sustainable farming"", ""thought_number"": 14, ""stream_of_thought"": ""Stream of thought 14 for Mid-career Switcher.""}"
Stream of thought 15 for Mid-career Switcher.,"{""profile_name"": ""Mid-career Switcher"", ""profile_description"": ""39-year-old transitioning from finance to sustainable farming"", ""thought_number"": 15, ""stream_of_thought"": ""Stream of thought 15 for Mid-career Switcher.""}"
Stream of thought 16 for Mid-career Switcher.,"{""profile_name"": ""Mid-career Switcher"", ""profile_description"": ""39-year-old transitioning from finance to sustainable farming"", ""thought_number"": 16, ""stream_of_thought"": ""Stream of thought 16 for Mid-career Switcher.""}"
Stream of thought 17 for Mid-career Switcher.,"{""profile_name"": ""Mid-career Switcher"", ""profile_description"": ""39-year-old transitioning from finance to sustainable farming"", ""thought_number"": 17, ""stream_of_thought"": ""Stream of thought 17 for Mid-career Switcher.""}"
Stream of thought 18 for Mid-career Switcher.,"{""profile_name"": ""Mid-career Switcher"", ""profile_description"": ""39-year-old transitioning from finance to sustainable farming"", ""thought_number"": 18, ""stream_of_thought"": ""Stream of thought 18 for Mid-career Switcher.""}"
Stream of thought 19 for Mid-career Switcher.,"{""profile_name"": ""Mid-career Switcher"", ""profile_description"": ""39-year-old transitioning from finance to sustainable farming"", ""thought_number"": 19, ""stream_of_thought"": ""Stream of thought 19 for Mid-career Switcher.""}"
Stream of thought 20 for Mid-career Switcher.,"{""profile_name"": ""Mid-career Switcher"", ""profile_description"": ""39-year-old transitioning from finance to sustainable farming"", ""thought_number"": 20, ""stream_of_thought"": ""Stream of thought 20 for Mid-career Switcher.""}"
Stream of thought 21 for Mid-career Switcher.,"{""profile_name"": ""Mid-career Switcher"", ""profile_description"": ""39-year-old transitioning from finance to sustainable farming"", ""thought_number"": 21, ""stream_of_thought"": ""Stream of thought 21 for Mid-career Switcher.""}"
Stream of thought 22 for Mid-career Switcher.,"{""profile_name"": ""Mid-career Switcher"", ""profile_description"": ""39-year-old transitioning from finance to sustainable farming"", ""thought_number"": 22, ""stream_of_thought"": ""Stream of thought 22 for Mid-career Switcher.""}"
Stream of thought 23 for Mid-career Switcher.,"{""profile_name"": ""Mid-career Switcher"", ""profile_description"": ""39-year-old transitioning from finance to sustainable farming"", ""thought_number"": 23, ""stream_of_thought"": ""Stream of thought 23 for Mid-career Switcher.""}"
Stream of thought 24 for Mid-career Switcher.,"{""profile_name"": ""Mid-career Switcher"", ""profile_description"": ""39-year-old transitioning from finance to sustainable farming"", ""thought_number"": 24, ""stream_of_thought"": ""Stream of thought 24 for Mid-career Switcher.""}"
Stream of thought 25 for Mid-career Switcher.,"{""profile_name"": ""Mid-career Switcher"", ""profile_description"": ""39-year-old transitioning from finance to sustainable farming"", ""thought_number"": 25, ""stream_of_thought"": ""Stream of thought 25 for Mid-career Switcher.""}"
Stream of thought 26 for Mid-career Switcher.,"{""profile_name"": ""Mid-career Switcher"", ""profile_description"": ""39-year-old transitioning from finance to sustainable farming"", ""thought_number"": 26, ""stream_of_thought"": ""Stream of thought 26 for Mid-career Switcher.""}"
Stream of thought 27 for Mid-career Switcher.,"{""profile_name"": ""Mid-career Switcher"", ""profile_description"": ""39-year-old transitioning from finance to sustainable farming"", ""thought_number"": 27, ""stream_of_thought"": ""Stream of thought 27 for Mid-career Switcher.""}"
Stream of thought 28 for Mid-career Switcher.,"{""profile_name"": ""Mid-career Switcher"", ""profile_description"": ""39-year-old transitioning from finance to sustainable farming"", ""thought_number"": 28, ""stream_of_thought"": ""Stream of thought 28 for Mid-career Switcher.""}"
Stream of thought 29 for Mid-career Switcher.,"{""profile_name"": ""Mid-career Switcher"", ""profile_description"": ""39-year-old transitioning from finance to sustainable farming"", ""thought_number"": 29, ""stream_of_thought"": ""Stream of thought 29 for Mid-career Switcher.""}"
Stream of thought 30 for Mid-career Switcher.,"{""profile_name"": ""Mid-career Switcher"", ""profile_description"": ""39-year-old transitioning from finance to sustainable farming"", ""thought_number"": 30, ""stream_of_thought"": ""Stream of thought 30 for Mid-career Switcher.""}"
Stream of thought 31 for Mid-career Switcher.,"{""profile_name"": ""Mid-career Switcher"", ""profile_description"": ""39-year-old transitioning from finance to sustainable farming"", ""thought_number"": 31, ""stream_of_thought"": ""Stream of thought 31 for Mid-career Switcher.""}"
Stream of thought 32 for Mid-career Switcher.,"{""profile_name"": ""Mid-career Switcher"", ""profile_description"": ""39-year-old transitioning from finance to sustainable farming"", ""thought_number"": 32, ""stream_of_thought"": ""Stream of thought 32 for Mid-career Switcher.""}"
Stream of thought 33 for Mid-career Switcher.,"{""profile_name"": ""Mid-career Switcher"", ""profile_description"": ""39-year-old transitioning from finance to sustainable farming"", ""thought_number"": 33, ""stream_of_thought"": ""Stream of thought 33 for Mid-career Switcher.""}"
Stream of thought 34 for Mid-career Switcher.,"{""profile_name"": ""Mid-career Switcher"", ""profile_description"": ""39-year-old transitioning from finance to sustainable farming"", ""thought_number"": 34, ""stream_of_thought"": ""Stream of thought 34 for Mid-career Switcher.""}"
Stream of thought 35 for Mid-career Switcher.,"{""profile_name"": ""Mid-career Switcher"", ""profile_description"": ""39-year-old transitioning from finance to sustainable farming"", ""thought_number"": 35, ""stream_of_thought"": ""Stream of thought 35 for Mid-career Switcher.""}"
Stream of thought 36 for Mid-career Switcher.,"{""profile_name"": ""Mid-career Switcher"", ""profile_description"": ""39-year-old transitioning from finance to sustainable farming"", ""thought_number"": 36, ""stream_of_thought"": ""Stream of thought 36 for Mid-career Switcher.""}"
Stream of thought 37 for Mid-career Switcher.,"{""profile_name"": ""Mid-career Switcher"", ""profile_description"": ""39-year-old transitioning from finance to sustainable farming"", ""thought_number"": 37, ""stream_of_thought"": ""Stream of thought 37 for Mid-career Switcher.""}"
Stream of thought 38 for Mid-career Switcher.,"{""profile_name"": ""Mid-career Switcher"", ""profile_description"": ""39-year-old transitioning from finance to sustainable farming"", ""thought_number"": 38, ""stream_of_thought"": ""Stream of thought 38 for Mid-career Switcher.""}"
Stream of thought 39 for Mid-career Switcher.,"{""profile_name"": ""Mid-career Switcher"", ""profile_description"": ""39-year-old transitioning from finance to sustainable farming"", ""thought_number"": 39, ""stream_of_thought"": ""Stream of thought 39 for Mid-career Switcher.""}"
Stream of thought 40 for Mid-career Switcher.,"{""profile_name"": ""Mid-career Switcher"", ""profile_description"": ""39-year-old transitioning from finance to sustainable farming"", ""thought_number"": 40, ""stream_of_thought"": ""Stream of thought 40 for Mid-career Switcher.""}"
Stream of thought 41 for Mid-career Switcher.,"{""profile_name"": ""Mid-career Switcher"", ""profile_description"": ""39-year-old transitioning from finance to sustainable farming"", ""thought_number"": 41, ""stream_of_thought"": ""Stream of thought 41 for Mid-career Switcher.""}"
Stream of thought 42 for Mid-career Switcher.,"{""profile_name"": ""Mid-career Switcher"", ""profile_description"": ""39-year-old transitioning from finance to sustainable farming"", ""thought_number"": 42, ""stream_of_thought"": ""Stream of thought 42 for Mid-career Switcher.""}"
Stream of thought 43 for Mid-career Switcher.,"{""profile_name"": ""Mid-career Switcher"", ""profile_description"": ""39-year-old transitioning from finance to sustainable farming"", ""thought_number"": 43, ""stream_of_thought"": ""Stream of thought 43 for Mid-career Switcher.""}"
Stream of thought 44 for Mid-career Switcher.,"{""profile_name"": ""Mid-career Switcher"", ""profile_description"": ""39-year-old transitioning from finance to sustainable farming"", ""thought_number"": 44, ""stream_of_thought"": ""Stream of thought 44 for Mid-career Switcher.""}"
Stream of thought 45 for Mid-career Switcher.,"{""profile_name"": ""Mid-career Switcher"", ""profile_description"": ""39-year-old transitioning from finance to sustainable farming"", ""thought_number"": 45, ""stream_of_thought"": ""Stream of thought 45 for Mid-career Switcher.""}"
Stream of thought 46 for Mid-career Switcher.,"{""profile_name"": ""Mid-career Switcher"", ""profile_description"": ""39-year-old transitioning from finance to sustainable farming"", ""thought_number"": 46, ""stream_of_thought"": ""Stream of thought 46 for Mid-career Switcher.""}"
Stream of thought 47 for Mid-career Switcher.,"{""profile_name"": ""Mid-career Switcher"", ""profile_description"": ""39-year-old transitioning from finance to sustainable farming"", ""thought_number"": 47, ""stream_of_thought"": ""Stream of thought 47 for Mid-career Switcher.""}"
Stream of thought 48 for Mid-career Switcher.,"{""profile_name"": ""Mid-career Switcher"", ""profile_description"": ""39-year-old transitioning from finance to sustainable farming"", ""thought_number"": 48, ""stream_of_thought"": ""Stream of thought 48 for Mid-career Switcher.""}"
Stream of thought 49 for Mid-career Switcher.,"{""profile_name"": ""Mid-career Switcher"", ""profile_description"": ""39-year-old transitioning from finance to sustainable farming"", ""thought_number"": 49, ""stream_of_thought"": ""Stream of thought 49 for Mid-career Switcher.""}"
Stream of thought 50 for Mid-career Switcher.,"{""profile_name"": ""Mid-career Switcher"", ""profile_description"": ""39-year-old transitioning from finance to sustainable farming"", ""thought_number"": 50, ""stream_of_thought"": ""Stream of thought 50 for Mid-career Switcher.""}"
Stream of thought 1 for Spiritual Seeker in Tech.,"{""profile_name"": ""Spiritual Seeker in Tech"", ""profile_description"": ""30-year-old developer exploring meditation and inner clarity"", ""thought_number"": 1, ""stream_of_thought"": ""Stream of thought 1 for Spiritual Seeker in Tech.""}"
Stream of thought 2 for Spiritual Seeker in Tech.,"{""profile_name"": ""Spiritual Seeker in Tech"", ""profile_description"": ""30-year-old developer exploring meditation and inner clarity"", ""thought_number"": 2, ""stream_of_thought"": ""Stream of thought 2 for Spiritual Seeker in Tech.""}"
Stream of thought 3 for Spiritual Seeker in Tech.,"{""profile_name"": ""Spiritual Seeker in Tech"", ""profile_description"": ""30-year-old developer exploring meditation and inner clarity"", ""thought_number"": 3, ""stream_of_thought"": ""Stream of thought 3 for Spiritual Seeker in Tech.""}"
Stream of thought 4 for Spiritual Seeker in Tech.,"{""profile_name"": ""Spiritual Seeker in Tech"", ""profile_description"": ""30-year-old developer exploring meditation and inner clarity"", ""thought_number"": 4, ""stream_of_thought"": ""Stream of thought 4 for Spiritual Seeker in Tech.""}"
Stream of thought 5 for Spiritual Seeker in Tech.,"{""profile_name"": ""Spiritual Seeker in Tech"", ""profile_description"": ""30-year-old developer exploring meditation and inner clarity"", ""thought_number"": 5, ""stream_of_thought"": ""Stream of thought 5 for Spiritual Seeker in Tech.""}"
Stream of thought 6 for Spiritual Seeker in Tech.,"{""profile_name"": ""Spiritual Seeker in Tech"", ""profile_description"": ""30-year-old developer exploring meditation and inner clarity"", ""thought_number"": 6, ""stream_of_thought"": ""Stream of thought 6 for Spiritual Seeker in Tech.""}"
Stream of thought 7 for Spiritual Seeker in Tech.,"{""profile_name"": ""Spiritual Seeker in Tech"", ""profile_description"": ""30-year-old developer exploring meditation and inner clarity"", ""thought_number"": 7, ""stream_of_thought"": ""Stream of thought 7 for Spiritual Seeker in Tech.""}"
Stream of thought 8 for Spiritual Seeker in Tech.,"{""profile_name"": ""Spiritual Seeker in Tech"", ""profile_description"": ""30-year-old developer exploring meditation and inner clarity"", ""thought_number"": 8, ""stream_of_thought"": ""Stream of thought 8 for Spiritual Seeker in Tech.""}"
Stream of thought 9 for Spiritual Seeker in Tech.,"{""profile_name"": ""Spiritual Seeker in Tech"", ""profile_description"": ""30-year-old developer exploring meditation and inner clarity"", ""thought_number"": 9, ""stream_of_thought"": ""Stream of thought 9 for Spiritual Seeker in Tech.""}"
Stream of thought 10 for Spiritual Seeker in Tech.,"{""profile_name"": ""Spiritual Seeker in Tech"", ""profile_description"": ""30-year-old developer exploring meditation and inner clarity"", ""thought_number"": 10, ""stream_of_thought"": ""Stream of thought 10 for Spiritual Seeker in Tech.""}"
Stream of thought 11 for Spiritual Seeker in Tech.,"{""profile_name"": ""Spiritual Seeker in Tech"", ""profile_description"": ""30-year-old developer exploring meditation and inner clarity"", ""thought_number"": 11, ""stream_of_thought"": ""Stream of thought 11 for Spiritual Seeker in Tech.""}"
Stream of thought 12 for Spiritual Seeker in Tech.,"{""profile_name"": ""Spiritual Seeker in Tech"", ""profile_description"": ""30-year-old developer exploring meditation and inner clarity"", ""thought_number"": 12, ""stream_of_thought"": ""Stream of thought 12 for Spiritual Seeker in Tech.""}"
Stream of thought 13 for Spiritual Seeker in Tech.,"{""profile_name"": ""Spiritual Seeker in Tech"", ""profile_description"": ""30-year-old developer exploring meditation and inner clarity"", ""thought_number"": 13, ""stream_of_thought"": ""Stream of thought 13 for Spiritual Seeker in Tech.""}"
Stream of thought 14 for Spiritual Seeker in Tech.,"{""profile_name"": ""Spiritual Seeker in Tech"", ""profile_description"": ""30-year-old developer exploring meditation and inner clarity"", ""thought_number"": 14, ""stream_of_thought"": ""Stream of thought 14 for Spiritual Seeker in Tech.""}"
Stream of thought 15 for Spiritual Seeker in Tech.,"{""profile_name"": ""Spiritual Seeker in Tech"", ""profile_description"": ""30-year-old developer exploring meditation and inner clarity"", ""thought_number"": 15, ""stream_of_thought"": ""Stream of thought 15 for Spiritual Seeker in Tech.""}"
Stream of thought 16 for Spiritual Seeker in Tech.,"{""profile_name"": ""Spiritual Seeker in Tech"", ""profile_description"": ""30-year-old developer exploring meditation and inner clarity"", ""thought_number"": 16, ""stream_of_thought"": ""Stream of thought 16 for Spiritual Seeker in Tech.""}"
Stream of thought 17 for Spiritual Seeker in Tech.,"{""profile_name"": ""Spiritual Seeker in Tech"", ""profile_description"": ""30-year-old developer exploring meditation and inner clarity"", ""thought_number"": 17, ""stream_of_thought"": ""Stream of thought 17 for Spiritual Seeker in Tech.""}"
Stream of thought 18 for Spiritual Seeker in Tech.,"{""profile_name"": ""Spiritual Seeker in Tech"", ""profile_description"": ""30-year-old developer exploring meditation and inner clarity"", ""thought_number"": 18, ""stream_of_thought"": ""Stream of thought 18 for Spiritual Seeker in Tech.""}"
Stream of thought 19 for Spiritual Seeker in Tech.,"{""profile_name"": ""Spiritual Seeker in Tech"", ""profile_description"": ""30-year-old developer exploring meditation and inner clarity"", ""thought_number"": 19, ""stream_of_thought"": ""Stream of thought 19 for Spiritual Seeker in Tech.""}"
Stream of thought 20 for Spiritual Seeker in Tech.,"{""profile_name"": ""Spiritual Seeker in Tech"", ""profile_description"": ""30-year-old developer exploring meditation and inner clarity"", ""thought_number"": 20, ""stream_of_thought"": ""Stream of thought 20 for Spiritual Seeker in Tech.""}"
Stream of thought 21 for Spiritual Seeker in Tech.,"{""profile_name"": ""Spiritual Seeker in Tech"", ""profile_description"": ""30-year-old developer exploring meditation and inner clarity"", ""thought_number"": 21, ""stream_of_thought"": ""Stream of thought 21 for Spiritual Seeker in Tech.""}"
Stream of thought 22 for Spiritual Seeker in Tech.,"{""profile_name"": ""Spiritual Seeker in Tech"", ""profile_description"": ""30-year-old developer exploring meditation and inner clarity"", ""thought_number"": 22, ""stream_of_thought"": ""Stream of thought 22 for Spiritual Seeker in Tech.""}"
Stream of thought 23 for Spiritual Seeker in Tech.,"{""profile_name"": ""Spiritual Seeker in Tech"", ""profile_description"": ""30-year-old developer exploring meditation and inner clarity"", ""thought_number"": 23, ""stream_of_thought"": ""Stream of thought 23 for Spiritual Seeker in Tech.""}"
Stream of thought 24 for Spiritual Seeker in Tech.,"{""profile_name"": ""Spiritual Seeker in Tech"", ""profile_description"": ""30-year-old developer exploring meditation and inner clarity"", ""thought_number"": 24, ""stream_of_thought"": ""Stream of thought 24 for Spiritual Seeker in Tech.""}"
Stream of thought 25 for Spiritual Seeker in Tech.,"{""profile_name"": ""Spiritual Seeker in Tech"", ""profile_description"": ""30-year-old developer exploring meditation and inner clarity"", ""thought_number"": 25, ""stream_of_thought"": ""Stream of thought 25 for Spiritual Seeker in Tech.""}"
Stream of thought 26 for Spiritual Seeker in Tech.,"{""profile_name"": ""Spiritual Seeker in Tech"", ""profile_description"": ""30-year-old developer exploring meditation and inner clarity"", ""thought_number"": 26, ""stream_of_thought"": ""Stream of thought 26 for Spiritual Seeker in Tech.""}"
Stream of thought 27 for Spiritual Seeker in Tech.,"{""profile_name"": ""Spiritual Seeker in Tech"", ""profile_description"": ""30-year-old developer exploring meditation and inner clarity"", ""thought_number"": 27, ""stream_of_thought"": ""Stream of thought 27 for Spiritual Seeker in Tech.""}"
Stream of thought 28 for Spiritual Seeker in Tech.,"{""profile_name"": ""Spiritual Seeker in Tech"", ""profile_description"": ""30-year-old developer exploring meditation and inner clarity"", ""thought_number"": 28, ""stream_of_thought"": ""Stream of thought 28 for Spiritual Seeker in Tech.""}"
Stream of thought 29 for Spiritual Seeker in Tech.,"{""profile_name"": ""Spiritual Seeker in Tech"", ""profile_description"": ""30-year-old developer exploring meditation and inner clarity"", ""thought_number"": 29, ""stream_of_thought"": ""Stream of thought 29 for Spiritual Seeker in Tech.""}"
Stream of thought 30 for Spiritual Seeker in Tech.,"{""profile_name"": ""Spiritual Seeker in Tech"", ""profile_description"": ""30-year-old developer exploring meditation and inner clarity"", ""thought_number"": 30, ""stream_of_thought"": ""Stream of thought 30 for Spiritual Seeker in Tech.""}"
Stream of thought 31 for Spiritual Seeker in Tech.,"{""profile_name"": ""Spiritual Seeker in Tech"", ""profile_description"": ""30-year-old developer exploring meditation and inner clarity"", ""thought_number"": 31, ""stream_of_thought"": ""Stream of thought 31 for Spiritual Seeker in Tech.""}"
Stream of thought 32 for Spiritual Seeker in Tech.,"{""profile_name"": ""Spiritual Seeker in Tech"", ""profile_description"": ""30-year-old developer exploring meditation and inner clarity"", ""thought_number"": 32, ""stream_of_thought"": ""Stream of thought 32 for Spiritual Seeker in Tech.""}"
Stream of thought 33 for Spiritual Seeker in Tech.,"{""profile_name"": ""Spiritual Seeker in Tech"", ""profile_description"": ""30-year-old developer exploring meditation and inner clarity"", ""thought_number"": 33, ""stream_of_thought"": ""Stream of thought 33 for Spiritual Seeker in Tech.""}"
Stream of thought 34 for Spiritual Seeker in Tech.,"{""profile_name"": ""Spiritual Seeker in Tech"", ""profile_description"": ""30-year-old developer exploring meditation and inner clarity"", ""thought_number"": 34, ""stream_of_thought"": ""Stream of thought 34 for Spiritual Seeker in Tech.""}"
Stream of thought 35 for Spiritual Seeker in Tech.,"{""profile_name"": ""Spiritual Seeker in Tech"", ""profile_description"": ""30-year-old developer exploring meditation and inner clarity"", ""thought_number"": 35, ""stream_of_thought"": ""Stream of thought 35 for Spiritual Seeker in Tech.""}"
Stream of thought 36 for Spiritual Seeker in Tech.,"{""profile_name"": ""Spiritual Seeker in Tech"", ""profile_description"": ""30-year-old developer exploring meditation and inner clarity"", ""thought_number"": 36, ""stream_of_thought"": ""Stream of thought 36 for Spiritual Seeker in Tech.""}"
Stream of thought 37 for Spiritual Seeker in Tech.,"{""profile_name"": ""Spiritual Seeker in Tech"", ""profile_description"": ""30-year-old developer exploring meditation and inner clarity"", ""thought_number"": 37, ""stream_of_thought"": ""Stream of thought 37 for Spiritual Seeker in Tech.""}"
Stream of thought 38 for Spiritual Seeker in Tech.,"{""profile_name"": ""Spiritual Seeker in Tech"", ""profile_description"": ""30-year-old developer exploring meditation and inner clarity"", ""thought_number"": 38, ""stream_of_thought"": ""Stream of thought 38 for Spiritual Seeker in Tech.""}"
Stream of thought 39 for Spiritual Seeker in Tech.,"{""profile_name"": ""Spiritual Seeker in Tech"", ""profile_description"": ""30-year-old developer exploring meditation and inner clarity"", ""thought_number"": 39, ""stream_of_thought"": ""Stream of thought 39 for Spiritual Seeker in Tech.""}"
Stream of thought 40 for Spiritual Seeker in Tech.,"{""profile_name"": ""Spiritual Seeker in Tech"", ""profile_description"": ""30-year-old developer exploring meditation and inner clarity"", ""thought_number"": 40, ""stream_of_thought"": ""Stream of thought 40 for Spiritual Seeker in Tech.""}"
Stream of thought 41 for Spiritual Seeker in Tech.,"{""profile_name"": ""Spiritual Seeker in Tech"", ""profile_description"": ""30-year-old developer exploring meditation and inner clarity"", ""thought_number"": 41, ""stream_of_thought"": ""Stream of thought 41 for Spiritual Seeker in Tech.""}"
Stream of thought 42 for Spiritual Seeker in Tech.,"{""profile_name"": ""Spiritual Seeker in Tech"", ""profile_description"": ""30-year-old developer exploring meditation and inner clarity"", ""thought_number"": 42, ""stream_of_thought"": ""Stream of thought 42 for Spiritual Seeker in Tech.""}"
Stream of thought 43 for Spiritual Seeker in Tech.,"{""profile_name"": ""Spiritual Seeker in Tech"", ""profile_description"": ""30-year-old developer exploring meditation and inner clarity"", ""thought_number"": 43, ""stream_of_thought"": ""Stream of thought 43 for Spiritual Seeker in Tech.""}"
Stream of thought 44 for Spiritual Seeker in Tech.,"{""profile_name"": ""Spiritual Seeker in Tech"", ""profile_description"": ""30-year-old developer exploring meditation and inner clarity"", ""thought_number"": 44, ""stream_of_thought"": ""Stream of thought 44 for Spiritual Seeker in Tech.""}"
Stream of thought 45 for Spiritual Seeker in Tech.,"{""profile_name"": ""Spiritual Seeker in Tech"", ""profile_description"": ""30-year-old developer exploring meditation and inner clarity"", ""thought_number"": 45, ""stream_of_thought"": ""Stream of thought 45 for Spiritual Seeker in Tech.""}"
Stream of thought 46 for Spiritual Seeker in Tech.,"{""profile_name"": ""Spiritual Seeker in Tech"", ""profile_description"": ""30-year-old developer exploring meditation and inner clarity"", ""thought_number"": 46, ""stream_of_thought"": ""Stream of thought 46 for Spiritual Seeker in Tech.""}"
Stream of thought 47 for Spiritual Seeker in Tech.,"{""profile_name"": ""Spiritual Seeker in Tech"", ""profile_description"": ""30-year-old developer exploring meditation and inner clarity"", ""thought_number"": 47, ""stream_of_thought"": ""Stream of thought 47 for Spiritual Seeker in Tech.""}"
Stream of thought 48 for Spiritual Seeker in Tech.,"{""profile_name"": ""Spiritual Seeker in Tech"", ""profile_description"": ""30-year-old developer exploring meditation and inner clarity"", ""thought_number"": 48, ""stream_of_thought"": ""Stream of thought 48 for Spiritual Seeker in Tech.""}"
Stream of thought 49 for Spiritual Seeker in Tech.,"{""profile_name"": ""Spiritual Seeker in Tech"", ""profile_description"": ""30-year-old developer exploring meditation and inner clarity"", ""thought_number"": 49, ""stream_of_thought"": ""Stream of thought 49 for Spiritual Seeker in Tech.""}"
Stream of thought 50 for Spiritual Seeker in Tech.,"{""profile_name"": ""Spiritual Seeker in Tech"", ""profile_description"": ""30-year-old developer exploring meditation and inner clarity"", ""thought_number"": 50, ""stream_of_thought"": ""Stream of thought 50 for Spiritual Seeker in Tech.""}"
Stream of thought 1 for Therapist with Many Clients.,"{""profile_name"": ""Therapist with Many Clients"", ""profile_description"": ""44-year-old counselor handling 25+ sessions per week"", ""thought_number"": 1, ""stream_of_thought"": ""Stream of thought 1 for Therapist with Many Clients.""}"
Stream of thought 2 for Therapist with Many Clients.,"{""profile_name"": ""Therapist with Many Clients"", ""profile_description"": ""44-year-old counselor handling 25+ sessions per week"", ""thought_number"": 2, ""stream_of_thought"": ""Stream of thought 2 for Therapist with Many Clients.""}"
Stream of thought 3 for Therapist with Many Clients.,"{""profile_name"": ""Therapist with Many Clients"", ""profile_description"": ""44-year-old counselor handling 25+ sessions per week"", ""thought_number"": 3, ""stream_of_thought"": ""Stream of thought 3 for Therapist with Many Clients.""}"
Stream of thought 4 for Therapist with Many Clients.,"{""profile_name"": ""Therapist with Many Clients"", ""profile_description"": ""44-year-old counselor handling 25+ sessions per week"", ""thought_number"": 4, ""stream_of_thought"": ""Stream of thought 4 for Therapist with Many Clients.""}"
Stream of thought 5 for Therapist with Many Clients.,"{""profile_name"": ""Therapist with Many Clients"", ""profile_description"": ""44-year-old counselor handling 25+ sessions per week"", ""thought_number"": 5, ""stream_of_thought"": ""Stream of thought 5 for Therapist with Many Clients.""}"
Stream of thought 6 for Therapist with Many Clients.,"{""profile_name"": ""Therapist with Many Clients"", ""profile_description"": ""44-year-old counselor handling 25+ sessions per week"", ""thought_number"": 6, ""stream_of_thought"": ""Stream of thought 6 for Therapist with Many Clients.""}"
Stream of thought 7 for Therapist with Many Clients.,"{""profile_name"": ""Therapist with Many Clients"", ""profile_description"": ""44-year-old counselor handling 25+ sessions per week"", ""thought_number"": 7, ""stream_of_thought"": ""Stream of thought 7 for Therapist with Many Clients.""}"
Stream of thought 8 for Therapist with Many Clients.,"{""profile_name"": ""Therapist with Many Clients"", ""profile_description"": ""44-year-old counselor handling 25+ sessions per week"", ""thought_number"": 8, ""stream_of_thought"": ""Stream of thought 8 for Therapist with Many Clients.""}"
Stream of thought 9 for Therapist with Many Clients.,"{""profile_name"": ""Therapist with Many Clients"", ""profile_description"": ""44-year-old counselor handling 25+ sessions per week"", ""thought_number"": 9, ""stream_of_thought"": ""Stream of thought 9 for Therapist with Many Clients.""}"
Stream of thought 10 for Therapist with Many Clients.,"{""profile_name"": ""Therapist with Many Clients"", ""profile_description"": ""44-year-old counselor handling 25+ sessions per week"", ""thought_number"": 10, ""stream_of_thought"": ""Stream of thought 10 for Therapist with Many Clients.""}"
Stream of thought 11 for Therapist with Many Clients.,"{""profile_name"": ""Therapist with Many Clients"", ""profile_description"": ""44-year-old counselor handling 25+ sessions per week"", ""thought_number"": 11, ""stream_of_thought"": ""Stream of thought 11 for Therapist with Many Clients.""}"
Stream of thought 12 for Therapist with Many Clients.,"{""profile_name"": ""Therapist with Many Clients"", ""profile_description"": ""44-year-old counselor handling 25+ sessions per week"", ""thought_number"": 12, ""stream_of_thought"": ""Stream of thought 12 for Therapist with Many Clients.""}"
Stream of thought 13 for Therapist with Many Clients.,"{""profile_name"": ""Therapist with Many Clients"", ""profile_description"": ""44-year-old counselor handling 25+ sessions per week"", ""thought_number"": 13, ""stream_of_thought"": ""Stream of thought 13 for Therapist with Many Clients.""}"
Stream of thought 14 for Therapist with Many Clients.,"{""profile_name"": ""Therapist with Many Clients"", ""profile_description"": ""44-year-old counselor handling 25+ sessions per week"", ""thought_number"": 14, ""stream_of_thought"": ""Stream of thought 14 for Therapist with Many Clients.""}"
Stream of thought 15 for Therapist with Many Clients.,"{""profile_name"": ""Therapist with Many Clients"", ""profile_description"": ""44-year-old counselor handling 25+ sessions per week"", ""thought_number"": 15, ""stream_of_thought"": ""Stream of thought 15 for Therapist with Many Clients.""}"
Stream of thought 16 for Therapist with Many Clients.,"{""profile_name"": ""Therapist with Many Clients"", ""profile_description"": ""44-year-old counselor handling 25+ sessions per week"", ""thought_number"": 16, ""stream_of_thought"": ""Stream of thought 16 for Therapist with Many Clients.""}"
Stream of thought 17 for Therapist with Many Clients.,"{""profile_name"": ""Therapist with Many Clients"", ""profile_description"": ""44-year-old counselor handling 25+ sessions per week"", ""thought_number"": 17, ""stream_of_thought"": ""Stream of thought 17 for Therapist with Many Clients.""}"
Stream of thought 18 for Therapist with Many Clients.,"{""profile_name"": ""Therapist with Many Clients"", ""profile_description"": ""44-year-old counselor handling 25+ sessions per week"", ""thought_number"": 18, ""stream_of_thought"": ""Stream of thought 18 for Therapist with Many Clients.""}"
Stream of thought 19 for Therapist with Many Clients.,"{""profile_name"": ""Therapist with Many Clients"", ""profile_description"": ""44-year-old counselor handling 25+ sessions per week"", ""thought_number"": 19, ""stream_of_thought"": ""Stream of thought 19 for Therapist with Many Clients.""}"
Stream of thought 20 for Therapist with Many Clients.,"{""profile_name"": ""Therapist with Many Clients"", ""profile_description"": ""44-year-old counselor handling 25+ sessions per week"", ""thought_number"": 20, ""stream_of_thought"": ""Stream of thought 20 for Therapist with Many Clients.""}"
Stream of thought 21 for Therapist with Many Clients.,"{""profile_name"": ""Therapist with Many Clients"", ""profile_description"": ""44-year-old counselor handling 25+ sessions per week"", ""thought_number"": 21, ""stream_of_thought"": ""Stream of thought 21 for Therapist with Many Clients.""}"
Stream of thought 22 for Therapist with Many Clients.,"{""profile_name"": ""Therapist with Many Clients"", ""profile_description"": ""44-year-old counselor handling 25+ sessions per week"", ""thought_number"": 22, ""stream_of_thought"": ""Stream of thought 22 for Therapist with Many Clients.""}"
Stream of thought 23 for Therapist with Many Clients.,"{""profile_name"": ""Therapist with Many Clients"", ""profile_description"": ""44-year-old counselor handling 25+ sessions per week"", ""thought_number"": 23, ""stream_of_thought"": ""Stream of thought 23 for Therapist with Many Clients.""}"
Stream of thought 24 for Therapist with Many Clients.,"{""profile_name"": ""Therapist with Many Clients"", ""profile_description"": ""44-year-old counselor handling 25+ sessions per week"", ""thought_number"": 24, ""stream_of_thought"": ""Stream of thought 24 for Therapist with Many Clients.""}"
Stream of thought 25 for Therapist with Many Clients.,"{""profile_name"": ""Therapist with Many Clients"", ""profile_description"": ""44-year-old counselor handling 25+ sessions per week"", ""thought_number"": 25, ""stream_of_thought"": ""Stream of thought 25 for Therapist with Many Clients.""}"
Stream of thought 26 for Therapist with Many Clients.,"{""profile_name"": ""Therapist with Many Clients"", ""profile_description"": ""44-year-old counselor handling 25+ sessions per week"", ""thought_number"": 26, ""stream_of_thought"": ""Stream of thought 26 for Therapist with Many Clients.""}"
Stream of thought 27 for Therapist with Many Clients.,"{""profile_name"": ""Therapist with Many Clients"", ""profile_description"": ""44-year-old counselor handling 25+ sessions per week"", ""thought_number"": 27, ""stream_of_thought"": ""Stream of thought 27 for Therapist with Many Clients.""}"
Stream of thought 28 for Therapist with Many Clients.,"{""profile_name"": ""Therapist with Many Clients"", ""profile_description"": ""44-year-old counselor handling 25+ sessions per week"", ""thought_number"": 28, ""stream_of_thought"": ""Stream of thought 28 for Therapist with Many Clients.""}"
Stream of thought 29 for Therapist with Many Clients.,"{""profile_name"": ""Therapist with Many Clients"", ""profile_description"": ""44-year-old counselor handling 25+ sessions per week"", ""thought_number"": 29, ""stream_of_thought"": ""Stream of thought 29 for Therapist with Many Clients.""}"
Stream of thought 30 for Therapist with Many Clients.,"{""profile_name"": ""Therapist with Many Clients"", ""profile_description"": ""44-year-old counselor handling 25+ sessions per week"", ""thought_number"": 30, ""stream_of_thought"": ""Stream of thought 30 for Therapist with Many Clients.""}"
Stream of thought 31 for Therapist with Many Clients.,"{""profile_name"": ""Therapist with Many Clients"", ""profile_description"": ""44-year-old counselor handling 25+ sessions per week"", ""thought_number"": 31, ""stream_of_thought"": ""Stream of thought 31 for Therapist with Many Clients.""}"
Stream of thought 32 for Therapist with Many Clients.,"{""profile_name"": ""Therapist with Many Clients"", ""profile_description"": ""44-year-old counselor handling 25+ sessions per week"", ""thought_number"": 32, ""stream_of_thought"": ""Stream of thought 32 for Therapist with Many Clients.""}"
Stream of thought 33 for Therapist with Many Clients.,"{""profile_name"": ""Therapist with Many Clients"", ""profile_description"": ""44-year-old counselor handling 25+ sessions per week"", ""thought_number"": 33, ""stream_of_thought"": ""Stream of thought 33 for Therapist with Many Clients.""}"
Stream of thought 34 for Therapist with Many Clients.,"{""profile_name"": ""Therapist with Many Clients"", ""profile_description"": ""44-year-old counselor handling 25+ sessions per week"", ""thought_number"": 34, ""stream_of_thought"": ""Stream of thought 34 for Therapist with Many Clients.""}"
Stream of thought 35 for Therapist with Many Clients.,"{""profile_name"": ""Therapist with Many Clients"", ""profile_description"": ""44-year-old counselor handling 25+ sessions per week"", ""thought_number"": 35, ""stream_of_thought"": ""Stream of thought 35 for Therapist with Many Clients.""}"
Stream of thought 36 for Therapist with Many Clients.,"{""profile_name"": ""Therapist with Many Clients"", ""profile_description"": ""44-year-old counselor handling 25+ sessions per week"", ""thought_number"": 36, ""stream_of_thought"": ""Stream of thought 36 for Therapist with Many Clients.""}"
Stream of thought 37 for Therapist with Many Clients.,"{""profile_name"": ""Therapist with Many Clients"", ""profile_description"": ""44-year-old counselor handling 25+ sessions per week"", ""thought_number"": 37, ""stream_of_thought"": ""Stream of thought 37 for Therapist with Many Clients.""}"
Stream of thought 38 for Therapist with Many Clients.,"{""profile_name"": ""Therapist with Many Clients"", ""profile_description"": ""44-year-old counselor handling 25+ sessions per week"", ""thought_number"": 38, ""stream_of_thought"": ""Stream of thought 38 for Therapist with Many Clients.""}"
Stream of thought 39 for Therapist with Many Clients.,"{""profile_name"": ""Therapist with Many Clients"", ""profile_description"": ""44-year-old counselor handling 25+ sessions per week"", ""thought_number"": 39, ""stream_of_thought"": ""Stream of thought 39 for Therapist with Many Clients.""}"
Stream of thought 40 for Therapist with Many Clients.,"{""profile_name"": ""Therapist with Many Clients"", ""profile_description"": ""44-year-old counselor handling 25+ sessions per week"", ""thought_number"": 40, ""stream_of_thought"": ""Stream of thought 40 for Therapist with Many Clients.""}"
Stream of thought 41 for Therapist with Many Clients.,"{""profile_name"": ""Therapist with Many Clients"", ""profile_description"": ""44-year-old counselor handling 25+ sessions per week"", ""thought_number"": 41, ""stream_of_thought"": ""Stream of thought 41 for Therapist with Many Clients.""}"
Stream of thought 42 for Therapist with Many Clients.,"{""profile_name"": ""Therapist with Many Clients"", ""profile_description"": ""44-year-old counselor handling 25+ sessions per week"", ""thought_number"": 42, ""stream_of_thought"": ""Stream of thought 42 for Therapist with Many Clients.""}"
Stream of thought 43 for Therapist with Many Clients.,"{""profile_name"": ""Therapist with Many Clients"", ""profile_description"": ""44-year-old counselor handling 25+ sessions per week"", ""thought_number"": 43, ""stream_of_thought"": ""Stream of thought 43 for Therapist with Many Clients.""}"
Stream of thought 44 for Therapist with Many Clients.,"{""profile_name"": ""Therapist with Many Clients"", ""profile_description"": ""44-year-old counselor handling 25+ sessions per week"", ""thought_number"": 44, ""stream_of_thought"": ""Stream of thought 44 for Therapist with Many Clients.""}"
Stream of thought 45 for Therapist with Many Clients.,"{""profile_name"": ""Therapist with Many Clients"", ""profile_description"": ""44-year-old counselor handling 25+ sessions per week"", ""thought_number"": 45, ""stream_of_thought"": ""Stream of thought 45 for Therapist with Many Clients.""}"
Stream of thought 46 for Therapist with Many Clients.,"{""profile_name"": ""Therapist with Many Clients"", ""profile_description"": ""44-year-old counselor handling 25+ sessions per week"", ""thought_number"": 46, ""stream_of_thought"": ""Stream of thought 46 for Therapist with Many Clients.""}"
Stream of thought 47 for Therapist with Many Clients.,"{""profile_name"": ""Therapist with Many Clients"", ""profile_description"": ""44-year-old counselor handling 25+ sessions per week"", ""thought_number"": 47, ""stream_of_thought"": ""Stream of thought 47 for Therapist with Many Clients.""}"
Stream of thought 48 for Therapist with Many Clients.,"{""profile_name"": ""Therapist with Many Clients"", ""profile_description"": ""44-year-old counselor handling 25+ sessions per week"", ""thought_number"": 48, ""stream_of_thought"": ""Stream of thought 48 for Therapist with Many Clients.""}"
Stream of thought 49 for Therapist with Many Clients.,"{""profile_name"": ""Therapist with Many Clients"", ""profile_description"": ""44-year-old counselor handling 25+ sessions per week"", ""thought_number"": 49, ""stream_of_thought"": ""Stream of thought 49 for Therapist with Many Clients.""}"
Stream of thought 50 for Therapist with Many Clients.,"{""profile_name"": ""Therapist with Many Clients"", ""profile_description"": ""44-year-old counselor handling 25+ sessions per week"", ""thought_number"": 50, ""stream_of_thought"": ""Stream of thought 50 for Therapist with Many Clients.""}"
Stream of thought 1 for Overwhelmed College Student.,"{""profile_name"": ""Overwhelmed College Student"", ""profile_description"": ""21-year-old juggling studies, part-time work, and future plans"", ""thought_number"": 1, ""stream_of_thought"": ""Stream of thought 1 for Overwhelmed College Student.""}"
Stream of thought 2 for Overwhelmed College Student.,"{""profile_name"": ""Overwhelmed College Student"", ""profile_description"": ""21-year-old juggling studies, part-time work, and future plans"", ""thought_number"": 2, ""stream_of_thought"": ""Stream of thought 2 for Overwhelmed College Student.""}"
Stream of thought 3 for Overwhelmed College Student.,"{""profile_name"": ""Overwhelmed College Student"", ""profile_description"": ""21-year-old juggling studies, part-time work, and future plans"", ""thought_number"": 3, ""stream_of_thought"": ""Stream of thought 3 for Overwhelmed College Student.""}"
Stream of thought 4 for Overwhelmed College Student.,"{""profile_name"": ""Overwhelmed College Student"", ""profile_description"": ""21-year-old juggling studies, part-time work, and future plans"", ""thought_number"": 4, ""stream_of_thought"": ""Stream of thought 4 for Overwhelmed College Student.""}"
Stream of thought 5 for Overwhelmed College Student.,"{""profile_name"": ""Overwhelmed College Student"", ""profile_description"": ""21-year-old juggling studies, part-time work, and future plans"", ""thought_number"": 5, ""stream_of_thought"": ""Stream of thought 5 for Overwhelmed College Student.""}"
Stream of thought 6 for Overwhelmed College Student.,"{""profile_name"": ""Overwhelmed College Student"", ""profile_description"": ""21-year-old juggling studies, part-time work, and future plans"", ""thought_number"": 6, ""stream_of_thought"": ""Stream of thought 6 for Overwhelmed College Student.""}"
Stream of thought 7 for Overwhelmed College Student.,"{""profile_name"": ""Overwhelmed College Student"", ""profile_description"": ""21-year-old juggling studies, part-time work, and future plans"", ""thought_number"": 7, ""stream_of_thought"": ""Stream of thought 7 for Overwhelmed College Student.""}"
Stream of thought 8 for Overwhelmed College Student.,"{""profile_name"": ""Overwhelmed College Student"", ""profile_description"": ""21-year-old juggling studies, part-time work, and future plans"", ""thought_number"": 8, ""stream_of_thought"": ""Stream of thought 8 for Overwhelmed College Student.""}"
Stream of thought 9 for Overwhelmed College Student.,"{""profile_name"": ""Overwhelmed College Student"", ""profile_description"": ""21-year-old juggling studies, part-time work, and future plans"", ""thought_number"": 9, ""stream_of_thought"": ""Stream of thought 9 for Overwhelmed College Student.""}"
Stream of thought 10 for Overwhelmed College Student.,"{""profile_name"": ""Overwhelmed College Student"", ""profile_description"": ""21-year-old juggling studies, part-time work, and future plans"", ""thought_number"": 10, ""stream_of_thought"": ""Stream of thought 10 for Overwhelmed College Student.""}"
Stream of thought 11 for Overwhelmed College Student.,"{""profile_name"": ""Overwhelmed College Student"", ""profile_description"": ""21-year-old juggling studies, part-time work, and future plans"", ""thought_number"": 11, ""stream_of_thought"": ""Stream of thought 11 for Overwhelmed College Student.""}"
Stream of thought 12 for Overwhelmed College Student.,"{""profile_name"": ""Overwhelmed College Student"", ""profile_description"": ""21-year-old juggling studies, part-time work, and future plans"", ""thought_number"": 12, ""stream_of_thought"": ""Stream of thought 12 for Overwhelmed College Student.""}"
Stream of thought 13 for Overwhelmed College Student.,"{""profile_name"": ""Overwhelmed College Student"", ""profile_description"": ""21-year-old juggling studies, part-time work, and future plans"", ""thought_number"": 13, ""stream_of_thought"": ""Stream of thought 13 for Overwhelmed College Student.""}"
Stream of thought 14 for Overwhelmed College Student.,"{""profile_name"": ""Overwhelmed College Student"", ""profile_description"": ""21-year-old juggling studies, part-time work, and future plans"", ""thought_number"": 14, ""stream_of_thought"": ""Stream of thought 14 for Overwhelmed College Student.""}"
Stream of thought 15 for Overwhelmed College Student.,"{""profile_name"": ""Overwhelmed College Student"", ""profile_description"": ""21-year-old juggling studies, part-time work, and future plans"", ""thought_number"": 15, ""stream_of_thought"": ""Stream of thought 15 for Overwhelmed College Student.""}"
Stream of thought 16 for Overwhelmed College Student.,"{""profile_name"": ""Overwhelmed College Student"", ""profile_description"": ""21-year-old juggling studies, part-time work, and future plans"", ""thought_number"": 16, ""stream_of_thought"": ""Stream of thought 16 for Overwhelmed College Student.""}"
Stream of thought 17 for Overwhelmed College Student.,"{""profile_name"": ""Overwhelmed College Student"", ""profile_description"": ""21-year-old juggling studies, part-time work, and future plans"", ""thought_number"": 17, ""stream_of_thought"": ""Stream of thought 17 for Overwhelmed College Student.""}"
Stream of thought 18 for Overwhelmed College Student.,"{""profile_name"": ""Overwhelmed College Student"", ""profile_description"": ""21-year-old juggling studies, part-time work, and future plans"", ""thought_number"": 18, ""stream_of_thought"": ""Stream of thought 18 for Overwhelmed College Student.""}"
Stream of thought 19 for Overwhelmed College Student.,"{""profile_name"": ""Overwhelmed College Student"", ""profile_description"": ""21-year-old juggling studies, part-time work, and future plans"", ""thought_number"": 19, ""stream_of_thought"": ""Stream of thought 19 for Overwhelmed College Student.""}"
Stream of thought 20 for Overwhelmed College Student.,"{""profile_name"": ""Overwhelmed College Student"", ""profile_description"": ""21-year-old juggling studies, part-time work, and future plans"", ""thought_number"": 20, ""stream_of_thought"": ""Stream of thought 20 for Overwhelmed College Student.""}"
Stream of thought 21 for Overwhelmed College Student.,"{""profile_name"": ""Overwhelmed College Student"", ""profile_description"": ""21-year-old juggling studies, part-time work, and future plans"", ""thought_number"": 21, ""stream_of_thought"": ""Stream of thought 21 for Overwhelmed College Student.""}"
Stream of thought 22 for Overwhelmed College Student.,"{""profile_name"": ""Overwhelmed College Student"", ""profile_description"": ""21-year-old juggling studies, part-time work, and future plans"", ""thought_number"": 22, ""stream_of_thought"": ""Stream of thought 22 for Overwhelmed College Student.""}"
Stream of thought 23 for Overwhelmed College Student.,"{""profile_name"": ""Overwhelmed College Student"", ""profile_description"": ""21-year-old juggling studies, part-time work, and future plans"", ""thought_number"": 23, ""stream_of_thought"": ""Stream of thought 23 for Overwhelmed College Student.""}"
Stream of thought 24 for Overwhelmed College Student.,"{""profile_name"": ""Overwhelmed College Student"", ""profile_description"": ""21-year-old juggling studies, part-time work, and future plans"", ""thought_number"": 24, ""stream_of_thought"": ""Stream of thought 24 for Overwhelmed College Student.""}"
Stream of thought 25 for Overwhelmed College Student.,"{""profile_name"": ""Overwhelmed College Student"", ""profile_description"": ""21-year-old juggling studies, part-time work, and future plans"", ""thought_number"": 25, ""stream_of_thought"": ""Stream of thought 25 for Overwhelmed College Student.""}"
Stream of thought 26 for Overwhelmed College Student.,"{""profile_name"": ""Overwhelmed College Student"", ""profile_description"": ""21-year-old juggling studies, part-time work, and future plans"", ""thought_number"": 26, ""stream_of_thought"": ""Stream of thought 26 for Overwhelmed College Student.""}"
Stream of thought 27 for Overwhelmed College Student.,"{""profile_name"": ""Overwhelmed College Student"", ""profile_description"": ""21-year-old juggling studies, part-time work, and future plans"", ""thought_number"": 27, ""stream_of_thought"": ""Stream of thought 27 for Overwhelmed College Student.""}"
Stream of thought 28 for Overwhelmed College Student.,"{""profile_name"": ""Overwhelmed College Student"", ""profile_description"": ""21-year-old juggling studies, part-time work, and future plans"", ""thought_number"": 28, ""stream_of_thought"": ""Stream of thought 28 for Overwhelmed College Student.""}"
Stream of thought 29 for Overwhelmed College Student.,"{""profile_name"": ""Overwhelmed College Student"", ""profile_description"": ""21-year-old juggling studies, part-time work, and future plans"", ""thought_number"": 29, ""stream_of_thought"": ""Stream of thought 29 for Overwhelmed College Student.""}"
Stream of thought 30 for Overwhelmed College Student.,"{""profile_name"": ""Overwhelmed College Student"", ""profile_description"": ""21-year-old juggling studies, part-time work, and future plans"", ""thought_number"": 30, ""stream_of_thought"": ""Stream of thought 30 for Overwhelmed College Student.""}"
Stream of thought 31 for Overwhelmed College Student.,"{""profile_name"": ""Overwhelmed College Student"", ""profile_description"": ""21-year-old juggling studies, part-time work, and future plans"", ""thought_number"": 31, ""stream_of_thought"": ""Stream of thought 31 for Overwhelmed College Student.""}"
Stream of thought 32 for Overwhelmed College Student.,"{""profile_name"": ""Overwhelmed College Student"", ""profile_description"": ""21-year-old juggling studies, part-time work, and future plans"", ""thought_number"": 32, ""stream_of_thought"": ""Stream of thought 32 for Overwhelmed College Student.""}"
Stream of thought 33 for Overwhelmed College Student.,"{""profile_name"": ""Overwhelmed College Student"", ""profile_description"": ""21-year-old juggling studies, part-time work, and future plans"", ""thought_number"": 33, ""stream_of_thought"": ""Stream of thought 33 for Overwhelmed College Student.""}"
Stream of thought 34 for Overwhelmed College Student.,"{""profile_name"": ""Overwhelmed College Student"", ""profile_description"": ""21-year-old juggling studies, part-time work, and future plans"", ""thought_number"": 34, ""stream_of_thought"": ""Stream of thought 34 for Overwhelmed College Student.""}"
Stream of thought 35 for Overwhelmed College Student.,"{""profile_name"": ""Overwhelmed College Student"", ""profile_description"": ""21-year-old juggling studies, part-time work, and future plans"", ""thought_number"": 35, ""stream_of_thought"": ""Stream of thought 35 for Overwhelmed College Student.""}"
Stream of thought 36 for Overwhelmed College Student.,"{""profile_name"": ""Overwhelmed College Student"", ""profile_description"": ""21-year-old juggling studies, part-time work, and future plans"", ""thought_number"": 36, ""stream_of_thought"": ""Stream of thought 36 for Overwhelmed College Student.""}"
Stream of thought 37 for Overwhelmed College Student.,"{""profile_name"": ""Overwhelmed College Student"", ""profile_description"": ""21-year-old juggling studies, part-time work, and future plans"", ""thought_number"": 37, ""stream_of_thought"": ""Stream of thought 37 for Overwhelmed College Student.""}"
Stream of thought 38 for Overwhelmed College Student.,"{""profile_name"": ""Overwhelmed College Student"", ""profile_description"": ""21-year-old juggling studies, part-time work, and future plans"", ""thought_number"": 38, ""stream_of_thought"": ""Stream of thought 38 for Overwhelmed College Student.""}"
Stream of thought 39 for Overwhelmed College Student.,"{""profile_name"": ""Overwhelmed College Student"", ""profile_description"": ""21-year-old juggling studies, part-time work, and future plans"", ""thought_number"": 39, ""stream_of_thought"": ""Stream of thought 39 for Overwhelmed College Student.""}"
Stream of thought 40 for Overwhelmed College Student.,"{""profile_name"": ""Overwhelmed College Student"", ""profile_description"": ""21-year-old juggling studies, part-time work, and future plans"", ""thought_number"": 40, ""stream_of_thought"": ""Stream of thought 40 for Overwhelmed College Student.""}"
Stream of thought 41 for Overwhelmed College Student.,"{""profile_name"": ""Overwhelmed College Student"", ""profile_description"": ""21-year-old juggling studies, part-time work, and future plans"", ""thought_number"": 41, ""stream_of_thought"": ""Stream of thought 41 for Overwhelmed College Student.""}"
Stream of thought 42 for Overwhelmed College Student.,"{""profile_name"": ""Overwhelmed College Student"", ""profile_description"": ""21-year-old juggling studies, part-time work, and future plans"", ""thought_number"": 42, ""stream_of_thought"": ""Stream of thought 42 for Overwhelmed College Student.""}"
Stream of thought 43 for Overwhelmed College Student.,"{""profile_name"": ""Overwhelmed College Student"", ""profile_description"": ""21-year-old juggling studies, part-time work, and future plans"", ""thought_number"": 43, ""stream_of_thought"": ""Stream of thought 43 for Overwhelmed College Student.""}"
Stream of thought 44 for Overwhelmed College Student.,"{""profile_name"": ""Overwhelmed College Student"", ""profile_description"": ""21-year-old juggling studies, part-time work, and future plans"", ""thought_number"": 44, ""stream_of_thought"": ""Stream of thought 44 for Overwhelmed College Student.""}"
Stream of thought 45 for Overwhelmed College Student.,"{""profile_name"": ""Overwhelmed College Student"", ""profile_description"": ""21-year-old juggling studies, part-time work, and future plans"", ""thought_number"": 45, ""stream_of_thought"": ""Stream of thought 45 for Overwhelmed College Student.""}"
Stream of thought 46 for Overwhelmed College Student.,"{""profile_name"": ""Overwhelmed College Student"", ""profile_description"": ""21-year-old juggling studies, part-time work, and future plans"", ""thought_number"": 46, ""stream_of_thought"": ""Stream of thought 46 for Overwhelmed College Student.""}"
Stream of thought 47 for Overwhelmed College Student.,"{""profile_name"": ""Overwhelmed College Student"", ""profile_description"": ""21-year-old juggling studies, part-time work, and future plans"", ""thought_number"": 47, ""stream_of_thought"": ""Stream of thought 47 for Overwhelmed College Student.""}"
Stream of thought 48 for Overwhelmed College Student.,"{""profile_name"": ""Overwhelmed College Student"", ""profile_description"": ""21-year-old juggling studies, part-time work, and future plans"", ""thought_number"": 48, ""stream_of_thought"": ""Stream of thought 48 for Overwhelmed College Student.""}"
Stream of thought 49 for Overwhelmed College Student.,"{""profile_name"": ""Overwhelmed College Student"", ""profile_description"": ""21-year-old juggling studies, part-time work, and future plans"", ""thought_number"": 49, ""stream_of_thought"": ""Stream of thought 49 for Overwhelmed College Student.""}"
Stream of thought 50 for Overwhelmed College Student.,"{""profile_name"": ""Overwhelmed College Student"", ""profile_description"": ""21-year-old juggling studies, part-time work, and future plans"", ""thought_number"": 50, ""stream_of_thought"": ""Stream of thought 50 for Overwhelmed College Student.""}"
Stream of thought 1 for Retired but Restless.,"{""profile_name"": ""Retired but Restless"", ""profile_description"": ""62-year-old retired civil servant"", ""thought_number"": 1, ""stream_of_thought"": ""Stream of thought 1 for Retired but Restless.""}"
Stream of thought 2 for Retired but Restless.,"{""profile_name"": ""Retired but Restless"", ""profile_description"": ""62-year-old retired civil servant"", ""thought_number"": 2, ""stream_of_thought"": ""Stream of thought 2 for Retired but Restless.""}"
Stream of thought 3 for Retired but Restless.,"{""profile_name"": ""Retired but Restless"", ""profile_description"": ""62-year-old retired civil servant"", ""thought_number"": 3, ""stream_of_thought"": ""Stream of thought 3 for Retired but Restless.""}"
Stream of thought 4 for Retired but Restless.,"{""profile_name"": ""Retired but Restless"", ""profile_description"": ""62-year-old retired civil servant"", ""thought_number"": 4, ""stream_of_thought"": ""Stream of thought 4 for Retired but Restless.""}"
Stream of thought 5 for Retired but Restless.,"{""profile_name"": ""Retired but Restless"", ""profile_description"": ""62-year-old retired civil servant"", ""thought_number"": 5, ""stream_of_thought"": ""Stream of thought 5 for Retired but Restless.""}"
Stream of thought 6 for Retired but Restless.,"{""profile_name"": ""Retired but Restless"", ""profile_description"": ""62-year-old retired civil servant"", ""thought_number"": 6, ""stream_of_thought"": ""Stream of thought 6 for Retired but Restless.""}"
Stream of thought 7 for Retired but Restless.,"{""profile_name"": ""Retired but Restless"", ""profile_description"": ""62-year-old retired civil servant"", ""thought_number"": 7, ""stream_of_thought"": ""Stream of thought 7 for Retired but Restless.""}"
Stream of thought 8 for Retired but Restless.,"{""profile_name"": ""Retired but Restless"", ""profile_description"": ""62-year-old retired civil servant"", ""thought_number"": 8, ""stream_of_thought"": ""Stream of thought 8 for Retired but Restless.""}"
Stream of thought 9 for Retired but Restless.,"{""profile_name"": ""Retired but Restless"", ""profile_description"": ""62-year-old retired civil servant"", ""thought_number"": 9, ""stream_of_thought"": ""Stream of thought 9 for Retired but Restless.""}"
Stream of thought 10 for Retired but Restless.,"{""profile_name"": ""Retired but Restless"", ""profile_description"": ""62-year-old retired civil servant"", ""thought_number"": 10, ""stream_of_thought"": ""Stream of thought 10 for Retired but Restless.""}"
Stream of thought 11 for Retired but Restless.,"{""profile_name"": ""Retired but Restless"", ""profile_description"": ""62-year-old retired civil servant"", ""thought_number"": 11, ""stream_of_thought"": ""Stream of thought 11 for Retired but Restless.""}"
Stream of thought 12 for Retired but Restless.,"{""profile_name"": ""Retired but Restless"", ""profile_description"": ""62-year-old retired civil servant"", ""thought_number"": 12, ""stream_of_thought"": ""Stream of thought 12 for Retired but Restless.""}"
Stream of thought 13 for Retired but Restless.,"{""profile_name"": ""Retired but Restless"", ""profile_description"": ""62-year-old retired civil servant"", ""thought_number"": 13, ""stream_of_thought"": ""Stream of thought 13 for Retired but Restless.""}"
Stream of thought 14 for Retired but Restless.,"{""profile_name"": ""Retired but Restless"", ""profile_description"": ""62-year-old retired civil servant"", ""thought_number"": 14, ""stream_of_thought"": ""Stream of thought 14 for Retired but Restless.""}"
Stream of thought 15 for Retired but Restless.,"{""profile_name"": ""Retired but Restless"", ""profile_description"": ""62-year-old retired civil servant"", ""thought_number"": 15, ""stream_of_thought"": ""Stream of thought 15 for Retired but Restless.""}"
Stream of thought 16 for Retired but Restless.,"{""profile_name"": ""Retired but Restless"", ""profile_description"": ""62-year-old retired civil servant"", ""thought_number"": 16, ""stream_of_thought"": ""Stream of thought 16 for Retired but Restless.""}"
Stream of thought 17 for Retired but Restless.,"{""profile_name"": ""Retired but Restless"", ""profile_description"": ""62-year-old retired civil servant"", ""thought_number"": 17, ""stream_of_thought"": ""Stream of thought 17 for Retired but Restless.""}"
Stream of thought 18 for Retired but Restless.,"{""profile_name"": ""Retired but Restless"", ""profile_description"": ""62-year-old retired civil servant"", ""thought_number"": 18, ""stream_of_thought"": ""Stream of thought 18 for Retired but Restless.""}"
Stream of thought 19 for Retired but Restless.,"{""profile_name"": ""Retired but Restless"", ""profile_description"": ""62-year-old retired civil servant"", ""thought_number"": 19, ""stream_of_thought"": ""Stream of thought 19 for Retired but Restless.""}"
Stream of thought 20 for Retired but Restless.,"{""profile_name"": ""Retired but Restless"", ""profile_description"": ""62-year-old retired civil servant"", ""thought_number"": 20, ""stream_of_thought"": ""Stream of thought 20 for Retired but Restless.""}"
Stream of thought 21 for Retired but Restless.,"{""profile_name"": ""Retired but Restless"", ""profile_description"": ""62-year-old retired civil servant"", ""thought_number"": 21, ""stream_of_thought"": ""Stream of thought 21 for Retired but Restless.""}"
Stream of thought 22 for Retired but Restless.,"{""profile_name"": ""Retired but Restless"", ""profile_description"": ""62-year-old retired civil servant"", ""thought_number"": 22, ""stream_of_thought"": ""Stream of thought 22 for Retired but Restless.""}"
Stream of thought 23 for Retired but Restless.,"{""profile_name"": ""Retired but Restless"", ""profile_description"": ""62-year-old retired civil servant"", ""thought_number"": 23, ""stream_of_thought"": ""Stream of thought 23 for Retired but Restless.""}"
Stream of thought 24 for Retired but Restless.,"{""profile_name"": ""Retired but Restless"", ""profile_description"": ""62-year-old retired civil servant"", ""thought_number"": 24, ""stream_of_thought"": ""Stream of thought 24 for Retired but Restless.""}"
Stream of thought 25 for Retired but Restless.,"{""profile_name"": ""Retired but Restless"", ""profile_description"": ""62-year-old retired civil servant"", ""thought_number"": 25, ""stream_of_thought"": ""Stream of thought 25 for Retired but Restless.""}"
Stream of thought 26 for Retired but Restless.,"{""profile_name"": ""Retired but Restless"", ""profile_description"": ""62-year-old retired civil servant"", ""thought_number"": 26, ""stream_of_thought"": ""Stream of thought 26 for Retired but Restless.""}"
Stream of thought 27 for Retired but Restless.,"{""profile_name"": ""Retired but Restless"", ""profile_description"": ""62-year-old retired civil servant"", ""thought_number"": 27, ""stream_of_thought"": ""Stream of thought 27 for Retired but Restless.""}"
Stream of thought 28 for Retired but Restless.,"{""profile_name"": ""Retired but Restless"", ""profile_description"": ""62-year-old retired civil servant"", ""thought_number"": 28, ""stream_of_thought"": ""Stream of thought 28 for Retired but Restless.""}"
Stream of thought 29 for Retired but Restless.,"{""profile_name"": ""Retired but Restless"", ""profile_description"": ""62-year-old retired civil servant"", ""thought_number"": 29, ""stream_of_thought"": ""Stream of thought 29 for Retired but Restless.""}"
Stream of thought 30 for Retired but Restless.,"{""profile_name"": ""Retired but Restless"", ""profile_description"": ""62-year-old retired civil servant"", ""thought_number"": 30, ""stream_of_thought"": ""Stream of thought 30 for Retired but Restless.""}"
Stream of thought 31 for Retired but Restless.,"{""profile_name"": ""Retired but Restless"", ""profile_description"": ""62-year-old retired civil servant"", ""thought_number"": 31, ""stream_of_thought"": ""Stream of thought 31 for Retired but Restless.""}"
Stream of thought 32 for Retired but Restless.,"{""profile_name"": ""Retired but Restless"", ""profile_description"": ""62-year-old retired civil servant"", ""thought_number"": 32, ""stream_of_thought"": ""Stream of thought 32 for Retired but Restless.""}"
Stream of thought 33 for Retired but Restless.,"{""profile_name"": ""Retired but Restless"", ""profile_description"": ""62-year-old retired civil servant"", ""thought_number"": 33, ""stream_of_thought"": ""Stream of thought 33 for Retired but Restless.""}"
Stream of thought 34 for Retired but Restless.,"{""profile_name"": ""Retired but Restless"", ""profile_description"": ""62-year-old retired civil servant"", ""thought_number"": 34, ""stream_of_thought"": ""Stream of thought 34 for Retired but Restless.""}"
Stream of thought 35 for Retired but Restless.,"{""profile_name"": ""Retired but Restless"", ""profile_description"": ""62-year-old retired civil servant"", ""thought_number"": 35, ""stream_of_thought"": ""Stream of thought 35 for Retired but Restless.""}"
Stream of thought 36 for Retired but Restless.,"{""profile_name"": ""Retired but Restless"", ""profile_description"": ""62-year-old retired civil servant"", ""thought_number"": 36, ""stream_of_thought"": ""Stream of thought 36 for Retired but Restless.""}"
Stream of thought 37 for Retired but Restless.,"{""profile_name"": ""Retired but Restless"", ""profile_description"": ""62-year-old retired civil servant"", ""thought_number"": 37, ""stream_of_thought"": ""Stream of thought 37 for Retired but Restless.""}"
Stream of thought 38 for Retired but Restless.,"{""profile_name"": ""Retired but Restless"", ""profile_description"": ""62-year-old retired civil servant"", ""thought_number"": 38, ""stream_of_thought"": ""Stream of thought 38 for Retired but Restless.""}"
Stream of thought 39 for Retired but Restless.,"{""profile_name"": ""Retired but Restless"", ""profile_description"": ""62-year-old retired civil servant"", ""thought_number"": 39, ""stream_of_thought"": ""Stream of thought 39 for Retired but Restless.""}"
Stream of thought 40 for Retired but Restless.,"{""profile_name"": ""Retired but Restless"", ""profile_description"": ""62-year-old retired civil servant"", ""thought_number"": 40, ""stream_of_thought"": ""Stream of thought 40 for Retired but Restless.""}"
Stream of thought 41 for Retired but Restless.,"{""profile_name"": ""Retired but Restless"", ""profile_description"": ""62-year-old retired civil servant"", ""thought_number"": 41, ""stream_of_thought"": ""Stream of thought 41 for Retired but Restless.""}"
Stream of thought 42 for Retired but Restless.,"{""profile_name"": ""Retired but Restless"", ""profile_description"": ""62-year-old retired civil servant"", ""thought_number"": 42, ""stream_of_thought"": ""Stream of thought 42 for Retired but Restless.""}"
Stream of thought 43 for Retired but Restless.,"{""profile_name"": ""Retired but Restless"", ""profile_description"": ""62-year-old retired civil servant"", ""thought_number"": 43, ""stream_of_thought"": ""Stream of thought 43 for Retired but Restless.""}"
Stream of thought 44 for Retired but Restless.,"{""profile_name"": ""Retired but Restless"", ""profile_description"": ""62-year-old retired civil servant"", ""thought_number"": 44, ""stream_of_thought"": ""Stream of thought 44 for Retired but Restless.""}"
Stream of thought 45 for Retired but Restless.,"{""profile_name"": ""Retired but Restless"", ""profile_description"": ""62-year-old retired civil servant"", ""thought_number"": 45, ""stream_of_thought"": ""Stream of thought 45 for Retired but Restless.""}"
Stream of thought 46 for Retired but Restless.,"{""profile_name"": ""Retired but Restless"", ""profile_description"": ""62-year-old retired civil servant"", ""thought_number"": 46, ""stream_of_thought"": ""Stream of thought 46 for Retired but Restless.""}"
Stream of thought 47 for Retired but Restless.,"{""profile_name"": ""Retired but Restless"", ""profile_description"": ""62-year-old retired civil servant"", ""thought_number"": 47, ""stream_of_thought"": ""Stream of thought 47 for Retired but Restless.""}"
Stream of thought 48 for Retired but Restless.,"{""profile_name"": ""Retired but Restless"", ""profile_description"": ""62-year-old retired civil servant"", ""thought_number"": 48, ""stream_of_thought"": ""Stream of thought 48 for Retired but Restless.""}"
Stream of thought 49 for Retired but Restless.,"{""profile_name"": ""Retired but Restless"", ""profile_description"": ""62-year-old retired civil servant"", ""thought_number"": 49, ""stream_of_thought"": ""Stream of thought 49 for Retired but Restless.""}"
Stream of thought 50 for Retired but Restless.,"{""profile_name"": ""Retired but Restless"", ""profile_description"": ""62-year-old retired civil servant"", ""thought_number"": 50, ""stream_of_thought"": ""Stream of thought 50 for Retired but Restless.""}"
Stream of thought 1 for Spouse Supporting a Caregiver.,"{""profile_name"": ""Spouse Supporting a Caregiver"", ""profile_description"": ""37-year-old whose partner is a full-time caregiver"", ""thought_number"": 1, ""stream_of_thought"": ""Stream of thought 1 for Spouse Supporting a Caregiver.""}"
Stream of thought 2 for Spouse Supporting a Caregiver.,"{""profile_name"": ""Spouse Supporting a Caregiver"", ""profile_description"": ""37-year-old whose partner is a full-time caregiver"", ""thought_number"": 2, ""stream_of_thought"": ""Stream of thought 2 for Spouse Supporting a Caregiver.""}"
Stream of thought 3 for Spouse Supporting a Caregiver.,"{""profile_name"": ""Spouse Supporting a Caregiver"", ""profile_description"": ""37-year-old whose partner is a full-time caregiver"", ""thought_number"": 3, ""stream_of_thought"": ""Stream of thought 3 for Spouse Supporting a Caregiver.""}"
Stream of thought 4 for Spouse Supporting a Caregiver.,"{""profile_name"": ""Spouse Supporting a Caregiver"", ""profile_description"": ""37-year-old whose partner is a full-time caregiver"", ""thought_number"": 4, ""stream_of_thought"": ""Stream of thought 4 for Spouse Supporting a Caregiver.""}"
Stream of thought 5 for Spouse Supporting a Caregiver.,"{""profile_name"": ""Spouse Supporting a Caregiver"", ""profile_description"": ""37-year-old whose partner is a full-time caregiver"", ""thought_number"": 5, ""stream_of_thought"": ""Stream of thought 5 for Spouse Supporting a Caregiver.""}"
Stream of thought 6 for Spouse Supporting a Caregiver.,"{""profile_name"": ""Spouse Supporting a Caregiver"", ""profile_description"": ""37-year-old whose partner is a full-time caregiver"", ""thought_number"": 6, ""stream_of_thought"": ""Stream of thought 6 for Spouse Supporting a Caregiver.""}"
Stream of thought 7 for Spouse Supporting a Caregiver.,"{""profile_name"": ""Spouse Supporting a Caregiver"", ""profile_description"": ""37-year-old whose partner is a full-time caregiver"", ""thought_number"": 7, ""stream_of_thought"": ""Stream of thought 7 for Spouse Supporting a Caregiver.""}"
Stream of thought 8 for Spouse Supporting a Caregiver.,"{""profile_name"": ""Spouse Supporting a Caregiver"", ""profile_description"": ""37-year-old whose partner is a full-time caregiver"", ""thought_number"": 8, ""stream_of_thought"": ""Stream of thought 8 for Spouse Supporting a Caregiver.""}"
Stream of thought 9 for Spouse Supporting a Caregiver.,"{""profile_name"": ""Spouse Supporting a Caregiver"", ""profile_description"": ""37-year-old whose partner is a full-time caregiver"", ""thought_number"": 9, ""stream_of_thought"": ""Stream of thought 9 for Spouse Supporting a Caregiver.""}"
Stream of thought 10 for Spouse Supporting a Caregiver.,"{""profile_name"": ""Spouse Supporting a Caregiver"", ""profile_description"": ""37-year-old whose partner is a full-time caregiver"", ""thought_number"": 10, ""stream_of_thought"": ""Stream of thought 10 for Spouse Supporting a Caregiver.""}"
Stream of thought 11 for Spouse Supporting a Caregiver.,"{""profile_name"": ""Spouse Supporting a Caregiver"", ""profile_description"": ""37-year-old whose partner is a full-time caregiver"", ""thought_number"": 11, ""stream_of_thought"": ""Stream of thought 11 for Spouse Supporting a Caregiver.""}"
Stream of thought 12 for Spouse Supporting a Caregiver.,"{""profile_name"": ""Spouse Supporting a Caregiver"", ""profile_description"": ""37-year-old whose partner is a full-time caregiver"", ""thought_number"": 12, ""stream_of_thought"": ""Stream of thought 12 for Spouse Supporting a Caregiver.""}"
Stream of thought 13 for Spouse Supporting a Caregiver.,"{""profile_name"": ""Spouse Supporting a Caregiver"", ""profile_description"": ""37-year-old whose partner is a full-time caregiver"", ""thought_number"": 13, ""stream_of_thought"": ""Stream of thought 13 for Spouse Supporting a Caregiver.""}"
Stream of thought 14 for Spouse Supporting a Caregiver.,"{""profile_name"": ""Spouse Supporting a Caregiver"", ""profile_description"": ""37-year-old whose partner is a full-time caregiver"", ""thought_number"": 14, ""stream_of_thought"": ""Stream of thought 14 for Spouse Supporting a Caregiver.""}"
Stream of thought 15 for Spouse Supporting a Caregiver.,"{""profile_name"": ""Spouse Supporting a Caregiver"", ""profile_description"": ""37-year-old whose partner is a full-time caregiver"", ""thought_number"": 15, ""stream_of_thought"": ""Stream of thought 15 for Spouse Supporting a Caregiver.""}"
Stream of thought 16 for Spouse Supporting a Caregiver.,"{""profile_name"": ""Spouse Supporting a Caregiver"", ""profile_description"": ""37-year-old whose partner is a full-time caregiver"", ""thought_number"": 16, ""stream_of_thought"": ""Stream of thought 16 for Spouse Supporting a Caregiver.""}"
Stream of thought 17 for Spouse Supporting a Caregiver.,"{""profile_name"": ""Spouse Supporting a Caregiver"", ""profile_description"": ""37-year-old whose partner is a full-time caregiver"", ""thought_number"": 17, ""stream_of_thought"": ""Stream of thought 17 for Spouse Supporting a Caregiver.""}"
Stream of thought 18 for Spouse Supporting a Caregiver.,"{""profile_name"": ""Spouse Supporting a Caregiver"", ""profile_description"": ""37-year-old whose partner is a full-time caregiver"", ""thought_number"": 18, ""stream_of_thought"": ""Stream of thought 18 for Spouse Supporting a Caregiver.""}"
Stream of thought 19 for Spouse Supporting a Caregiver.,"{""profile_name"": ""Spouse Supporting a Caregiver"", ""profile_description"": ""37-year-old whose partner is a full-time caregiver"", ""thought_number"": 19, ""stream_of_thought"": ""Stream of thought 19 for Spouse Supporting a Caregiver.""}"
Stream of thought 20 for Spouse Supporting a Caregiver.,"{""profile_name"": ""Spouse Supporting a Caregiver"", ""profile_description"": ""37-year-old whose partner is a full-time caregiver"", ""thought_number"": 20, ""stream_of_thought"": ""Stream of thought 20 for Spouse Supporting a Caregiver.""}"
Stream of thought 21 for Spouse Supporting a Caregiver.,"{""profile_name"": ""Spouse Supporting a Caregiver"", ""profile_description"": ""37-year-old whose partner is a full-time caregiver"", ""thought_number"": 21, ""stream_of_thought"": ""Stream of thought 21 for Spouse Supporting a Caregiver.""}"
Stream of thought 22 for Spouse Supporting a Caregiver.,"{""profile_name"": ""Spouse Supporting a Caregiver"", ""profile_description"": ""37-year-old whose partner is a full-time caregiver"", ""thought_number"": 22, ""stream_of_thought"": ""Stream of thought 22 for Spouse Supporting a Caregiver.""}"
Stream of thought 23 for Spouse Supporting a Caregiver.,"{""profile_name"": ""Spouse Supporting a Caregiver"", ""profile_description"": ""37-year-old whose partner is a full-time caregiver"", ""thought_number"": 23, ""stream_of_thought"": ""Stream of thought 23 for Spouse Supporting a Caregiver.""}"
Stream of thought 24 for Spouse Supporting a Caregiver.,"{""profile_name"": ""Spouse Supporting a Caregiver"", ""profile_description"": ""37-year-old whose partner is a full-time caregiver"", ""thought_number"": 24, ""stream_of_thought"": ""Stream of thought 24 for Spouse Supporting a Caregiver.""}"
Stream of thought 25 for Spouse Supporting a Caregiver.,"{""profile_name"": ""Spouse Supporting a Caregiver"", ""profile_description"": ""37-year-old whose partner is a full-time caregiver"", ""thought_number"": 25, ""stream_of_thought"": ""Stream of thought 25 for Spouse Supporting a Caregiver.""}"
Stream of thought 26 for Spouse Supporting a Caregiver.,"{""profile_name"": ""Spouse Supporting a Caregiver"", ""profile_description"": ""37-year-old whose partner is a full-time caregiver"", ""thought_number"": 26, ""stream_of_thought"": ""Stream of thought 26 for Spouse Supporting a Caregiver.""}"
Stream of thought 27 for Spouse Supporting a Caregiver.,"{""profile_name"": ""Spouse Supporting a Caregiver"", ""profile_description"": ""37-year-old whose partner is a full-time caregiver"", ""thought_number"": 27, ""stream_of_thought"": ""Stream of thought 27 for Spouse Supporting a Caregiver.""}"
Stream of thought 28 for Spouse Supporting a Caregiver.,"{""profile_name"": ""Spouse Supporting a Caregiver"", ""profile_description"": ""37-year-old whose partner is a full-time caregiver"", ""thought_number"": 28, ""stream_of_thought"": ""Stream of thought 28 for Spouse Supporting a Caregiver.""}"
Stream of thought 29 for Spouse Supporting a Caregiver.,"{""profile_name"": ""Spouse Supporting a Caregiver"", ""profile_description"": ""37-year-old whose partner is a full-time caregiver"", ""thought_number"": 29, ""stream_of_thought"": ""Stream of thought 29 for Spouse Supporting a Caregiver.""}"
Stream of thought 30 for Spouse Supporting a Caregiver.,"{""profile_name"": ""Spouse Supporting a Caregiver"", ""profile_description"": ""37-year-old whose partner is a full-time caregiver"", ""thought_number"": 30, ""stream_of_thought"": ""Stream of thought 30 for Spouse Supporting a Caregiver.""}"
Stream of thought 31 for Spouse Supporting a Caregiver.,"{""profile_name"": ""Spouse Supporting a Caregiver"", ""profile_description"": ""37-year-old whose partner is a full-time caregiver"", ""thought_number"": 31, ""stream_of_thought"": ""Stream of thought 31 for Spouse Supporting a Caregiver.""}"
Stream of thought 32 for Spouse Supporting a Caregiver.,"{""profile_name"": ""Spouse Supporting a Caregiver"", ""profile_description"": ""37-year-old whose partner is a full-time caregiver"", ""thought_number"": 32, ""stream_of_thought"": ""Stream of thought 32 for Spouse Supporting a Caregiver.""}"
Stream of thought 33 for Spouse Supporting a Caregiver.,"{""profile_name"": ""Spouse Supporting a Caregiver"", ""profile_description"": ""37-year-old whose partner is a full-time caregiver"", ""thought_number"": 33, ""stream_of_thought"": ""Stream of thought 33 for Spouse Supporting a Caregiver.""}"
Stream of thought 34 for Spouse Supporting a Caregiver.,"{""profile_name"": ""Spouse Supporting a Caregiver"", ""profile_description"": ""37-year-old whose partner is a full-time caregiver"", ""thought_number"": 34, ""stream_of_thought"": ""Stream of thought 34 for Spouse Supporting a Caregiver.""}"
Stream of thought 35 for Spouse Supporting a Caregiver.,"{""profile_name"": ""Spouse Supporting a Caregiver"", ""profile_description"": ""37-year-old whose partner is a full-time caregiver"", ""thought_number"": 35, ""stream_of_thought"": ""Stream of thought 35 for Spouse Supporting a Caregiver.""}"
Stream of thought 36 for Spouse Supporting a Caregiver.,"{""profile_name"": ""Spouse Supporting a Caregiver"", ""profile_description"": ""37-year-old whose partner is a full-time caregiver"", ""thought_number"": 36, ""stream_of_thought"": ""Stream of thought 36 for Spouse Supporting a Caregiver.""}"
Stream of thought 37 for Spouse Supporting a Caregiver.,"{""profile_name"": ""Spouse Supporting a Caregiver"", ""profile_description"": ""37-year-old whose partner is a full-time caregiver"", ""thought_number"": 37, ""stream_of_thought"": ""Stream of thought 37 for Spouse Supporting a Caregiver.""}"
Stream of thought 38 for Spouse Supporting a Caregiver.,"{""profile_name"": ""Spouse Supporting a Caregiver"", ""profile_description"": ""37-year-old whose partner is a full-time caregiver"", ""thought_number"": 38, ""stream_of_thought"": ""Stream of thought 38 for Spouse Supporting a Caregiver.""}"
Stream of thought 39 for Spouse Supporting a Caregiver.,"{""profile_name"": ""Spouse Supporting a Caregiver"", ""profile_description"": ""37-year-old whose partner is a full-time caregiver"", ""thought_number"": 39, ""stream_of_thought"": ""Stream of thought 39 for Spouse Supporting a Caregiver.""}"
Stream of thought 40 for Spouse Supporting a Caregiver.,"{""profile_name"": ""Spouse Supporting a Caregiver"", ""profile_description"": ""37-year-old whose partner is a full-time caregiver"", ""thought_number"": 40, ""stream_of_thought"": ""Stream of thought 40 for Spouse Supporting a Caregiver.""}"
Stream of thought 41 for Spouse Supporting a Caregiver.,"{""profile_name"": ""Spouse Supporting a Caregiver"", ""profile_description"": ""37-year-old whose partner is a full-time caregiver"", ""thought_number"": 41, ""stream_of_thought"": ""Stream of thought 41 for Spouse Supporting a Caregiver.""}"
Stream of thought 42 for Spouse Supporting a Caregiver.,"{""profile_name"": ""Spouse Supporting a Caregiver"", ""profile_description"": ""37-year-old whose partner is a full-time caregiver"", ""thought_number"": 42, ""stream_of_thought"": ""Stream of thought 42 for Spouse Supporting a Caregiver.""}"
Stream of thought 43 for Spouse Supporting a Caregiver.,"{""profile_name"": ""Spouse Supporting a Caregiver"", ""profile_description"": ""37-year-old whose partner is a full-time caregiver"", ""thought_number"": 43, ""stream_of_thought"": ""Stream of thought 43 for Spouse Supporting a Caregiver.""}"
Stream of thought 44 for Spouse Supporting a Caregiver.,"{""profile_name"": ""Spouse Supporting a Caregiver"", ""profile_description"": ""37-year-old whose partner is a full-time caregiver"", ""thought_number"": 44, ""stream_of_thought"": ""Stream of thought 44 for Spouse Supporting a Caregiver.""}"
Stream of thought 45 for Spouse Supporting a Caregiver.,"{""profile_name"": ""Spouse Supporting a Caregiver"", ""profile_description"": ""37-year-old whose partner is a full-time caregiver"", ""thought_number"": 45, ""stream_of_thought"": ""Stream of thought 45 for Spouse Supporting a Caregiver.""}"
Stream of thought 46 for Spouse Supporting a Caregiver.,"{""profile_name"": ""Spouse Supporting a Caregiver"", ""profile_description"": ""37-year-old whose partner is a full-time caregiver"", ""thought_number"": 46, ""stream_of_thought"": ""Stream of thought 46 for Spouse Supporting a Caregiver.""}"
Stream of thought 47 for Spouse Supporting a Caregiver.,"{""profile_name"": ""Spouse Supporting a Caregiver"", ""profile_description"": ""37-year-old whose partner is a full-time caregiver"", ""thought_number"": 47, ""stream_of_thought"": ""Stream of thought 47 for Spouse Supporting a Caregiver.""}"
Stream of thought 48 for Spouse Supporting a Caregiver.,"{""profile_name"": ""Spouse Supporting a Caregiver"", ""profile_description"": ""37-year-old whose partner is a full-time caregiver"", ""thought_number"": 48, ""stream_of_thought"": ""Stream of thought 48 for Spouse Supporting a Caregiver.""}"
Stream of thought 49 for Spouse Supporting a Caregiver.,"{""profile_name"": ""Spouse Supporting a Caregiver"", ""profile_description"": ""37-year-old whose partner is a full-time caregiver"", ""thought_number"": 49, ""stream_of_thought"": ""Stream of thought 49 for Spouse Supporting a Caregiver.""}"
Stream of thought 50 for Spouse Supporting a Caregiver.,"{""profile_name"": ""Spouse Supporting a Caregiver"", ""profile_description"": ""37-year-old whose partner is a full-time caregiver"", ""thought_number"": 50, ""stream_of_thought"": ""Stream of thought 50 for Spouse Supporting a Caregiver.""}"
Stream of thought 1 for Artist With Too Many Ideas.,"{""profile_name"": ""Artist With Too Many Ideas"", ""profile_description"": ""31-year-old multidisciplinary artist"", ""thought_number"": 1, ""stream_of_thought"": ""Stream of thought 1 for Artist With Too Many Ideas.""}"
Stream of thought 2 for Artist With Too Many Ideas.,"{""profile_name"": ""Artist With Too Many Ideas"", ""profile_description"": ""31-year-old multidisciplinary artist"", ""thought_number"": 2, ""stream_of_thought"": ""Stream of thought 2 for Artist With Too Many Ideas.""}"
Stream of thought 3 for Artist With Too Many Ideas.,"{""profile_name"": ""Artist With Too Many Ideas"", ""profile_description"": ""31-year-old multidisciplinary artist"", ""thought_number"": 3, ""stream_of_thought"": ""Stream of thought 3 for Artist With Too Many Ideas.""}"
Stream of thought 4 for Artist With Too Many Ideas.,"{""profile_name"": ""Artist With Too Many Ideas"", ""profile_description"": ""31-year-old multidisciplinary artist"", ""thought_number"": 4, ""stream_of_thought"": ""Stream of thought 4 for Artist With Too Many Ideas.""}"
Stream of thought 5 for Artist With Too Many Ideas.,"{""profile_name"": ""Artist With Too Many Ideas"", ""profile_description"": ""31-year-old multidisciplinary artist"", ""thought_number"": 5, ""stream_of_thought"": ""Stream of thought 5 for Artist With Too Many Ideas.""}"
Stream of thought 6 for Artist With Too Many Ideas.,"{""profile_name"": ""Artist With Too Many Ideas"", ""profile_description"": ""31-year-old multidisciplinary artist"", ""thought_number"": 6, ""stream_of_thought"": ""Stream of thought 6 for Artist With Too Many Ideas.""}"
Stream of thought 7 for Artist With Too Many Ideas.,"{""profile_name"": ""Artist With Too Many Ideas"", ""profile_description"": ""31-year-old multidisciplinary artist"", ""thought_number"": 7, ""stream_of_thought"": ""Stream of thought 7 for Artist With Too Many Ideas.""}"
Stream of thought 8 for Artist With Too Many Ideas.,"{""profile_name"": ""Artist With Too Many Ideas"", ""profile_description"": ""31-year-old multidisciplinary artist"", ""thought_number"": 8, ""stream_of_thought"": ""Stream of thought 8 for Artist With Too Many Ideas.""}"
Stream of thought 9 for Artist With Too Many Ideas.,"{""profile_name"": ""Artist With Too Many Ideas"", ""profile_description"": ""31-year-old multidisciplinary artist"", ""thought_number"": 9, ""stream_of_thought"": ""Stream of thought 9 for Artist With Too Many Ideas.""}"
Stream of thought 10 for Artist With Too Many Ideas.,"{""profile_name"": ""Artist With Too Many Ideas"", ""profile_description"": ""31-year-old multidisciplinary artist"", ""thought_number"": 10, ""stream_of_thought"": ""Stream of thought 10 for Artist With Too Many Ideas.""}"
Stream of thought 11 for Artist With Too Many Ideas.,"{""profile_name"": ""Artist With Too Many Ideas"", ""profile_description"": ""31-year-old multidisciplinary artist"", ""thought_number"": 11, ""stream_of_thought"": ""Stream of thought 11 for Artist With Too Many Ideas.""}"
Stream of thought 12 for Artist With Too Many Ideas.,"{""profile_name"": ""Artist With Too Many Ideas"", ""profile_description"": ""31-year-old multidisciplinary artist"", ""thought_number"": 12, ""stream_of_thought"": ""Stream of thought 12 for Artist With Too Many Ideas.""}"
Stream of thought 13 for Artist With Too Many Ideas.,"{""profile_name"": ""Artist With Too Many Ideas"", ""profile_description"": ""31-year-old multidisciplinary artist"", ""thought_number"": 13, ""stream_of_thought"": ""Stream of thought 13 for Artist With Too Many Ideas.""}"
Stream of thought 14 for Artist With Too Many Ideas.,"{""profile_name"": ""Artist With Too Many Ideas"", ""profile_description"": ""31-year-old multidisciplinary artist"", ""thought_number"": 14, ""stream_of_thought"": ""Stream of thought 14 for Artist With Too Many Ideas.""}"
Stream of thought 15 for Artist With Too Many Ideas.,"{""profile_name"": ""Artist With Too Many Ideas"", ""profile_description"": ""31-year-old multidisciplinary artist"", ""thought_number"": 15, ""stream_of_thought"": ""Stream of thought 15 for Artist With Too Many Ideas.""}"
Stream of thought 16 for Artist With Too Many Ideas.,"{""profile_name"": ""Artist With Too Many Ideas"", ""profile_description"": ""31-year-old multidisciplinary artist"", ""thought_number"": 16, ""stream_of_thought"": ""Stream of thought 16 for Artist With Too Many Ideas.""}"
Stream of thought 17 for Artist With Too Many Ideas.,"{""profile_name"": ""Artist With Too Many Ideas"", ""profile_description"": ""31-year-old multidisciplinary artist"", ""thought_number"": 17, ""stream_of_thought"": ""Stream of thought 17 for Artist With Too Many Ideas.""}"
Stream of thought 18 for Artist With Too Many Ideas.,"{""profile_name"": ""Artist With Too Many Ideas"", ""profile_description"": ""31-year-old multidisciplinary artist"", ""thought_number"": 18, ""stream_of_thought"": ""Stream of thought 18 for Artist With Too Many Ideas.""}"
Stream of thought 19 for Artist With Too Many Ideas.,"{""profile_name"": ""Artist With Too Many Ideas"", ""profile_description"": ""31-year-old multidisciplinary artist"", ""thought_number"": 19, ""stream_of_thought"": ""Stream of thought 19 for Artist With Too Many Ideas.""}"
Stream of thought 20 for Artist With Too Many Ideas.,"{""profile_name"": ""Artist With Too Many Ideas"", ""profile_description"": ""31-year-old multidisciplinary artist"", ""thought_number"": 20, ""stream_of_thought"": ""Stream of thought 20 for Artist With Too Many Ideas.""}"
Stream of thought 21 for Artist With Too Many Ideas.,"{""profile_name"": ""Artist With Too Many Ideas"", ""profile_description"": ""31-year-old multidisciplinary artist"", ""thought_number"": 21, ""stream_of_thought"": ""Stream of thought 21 for Artist With Too Many Ideas.""}"
Stream of thought 22 for Artist With Too Many Ideas.,"{""profile_name"": ""Artist With Too Many Ideas"", ""profile_description"": ""31-year-old multidisciplinary artist"", ""thought_number"": 22, ""stream_of_thought"": ""Stream of thought 22 for Artist With Too Many Ideas.""}"
Stream of thought 23 for Artist With Too Many Ideas.,"{""profile_name"": ""Artist With Too Many Ideas"", ""profile_description"": ""31-year-old multidisciplinary artist"", ""thought_number"": 23, ""stream_of_thought"": ""Stream of thought 23 for Artist With Too Many Ideas.""}"
Stream of thought 24 for Artist With Too Many Ideas.,"{""profile_name"": ""Artist With Too Many Ideas"", ""profile_description"": ""31-year-old multidisciplinary artist"", ""thought_number"": 24, ""stream_of_thought"": ""Stream of thought 24 for Artist With Too Many Ideas.""}"
Stream of thought 25 for Artist With Too Many Ideas.,"{""profile_name"": ""Artist With Too Many Ideas"", ""profile_description"": ""31-year-old multidisciplinary artist"", ""thought_number"": 25, ""stream_of_thought"": ""Stream of thought 25 for Artist With Too Many Ideas.""}"
Stream of thought 26 for Artist With Too Many Ideas.,"{""profile_name"": ""Artist With Too Many Ideas"", ""profile_description"": ""31-year-old multidisciplinary artist"", ""thought_number"": 26, ""stream_of_thought"": ""Stream of thought 26 for Artist With Too Many Ideas.""}"
Stream of thought 27 for Artist With Too Many Ideas.,"{""profile_name"": ""Artist With Too Many Ideas"", ""profile_description"": ""31-year-old multidisciplinary artist"", ""thought_number"": 27, ""stream_of_thought"": ""Stream of thought 27 for Artist With Too Many Ideas.""}"
Stream of thought 28 for Artist With Too Many Ideas.,"{""profile_name"": ""Artist With Too Many Ideas"", ""profile_description"": ""31-year-old multidisciplinary artist"", ""thought_number"": 28, ""stream_of_thought"": ""Stream of thought 28 for Artist With Too Many Ideas.""}"
Stream of thought 29 for Artist With Too Many Ideas.,"{""profile_name"": ""Artist With Too Many Ideas"", ""profile_description"": ""31-year-old multidisciplinary artist"", ""thought_number"": 29, ""stream_of_thought"": ""Stream of thought 29 for Artist With Too Many Ideas.""}"
Stream of thought 30 for Artist With Too Many Ideas.,"{""profile_name"": ""Artist With Too Many Ideas"", ""profile_description"": ""31-year-old multidisciplinary artist"", ""thought_number"": 30, ""stream_of_thought"": ""Stream of thought 30 for Artist With Too Many Ideas.""}"
Stream of thought 31 for Artist With Too Many Ideas.,"{""profile_name"": ""Artist With Too Many Ideas"", ""profile_description"": ""31-year-old multidisciplinary artist"", ""thought_number"": 31, ""stream_of_thought"": ""Stream of thought 31 for Artist With Too Many Ideas.""}"
Stream of thought 32 for Artist With Too Many Ideas.,"{""profile_name"": ""Artist With Too Many Ideas"", ""profile_description"": ""31-year-old multidisciplinary artist"", ""thought_number"": 32, ""stream_of_thought"": ""Stream of thought 32 for Artist With Too Many Ideas.""}"
Stream of thought 33 for Artist With Too Many Ideas.,"{""profile_name"": ""Artist With Too Many Ideas"", ""profile_description"": ""31-year-old multidisciplinary artist"", ""thought_number"": 33, ""stream_of_thought"": ""Stream of thought 33 for Artist With Too Many Ideas.""}"
Stream of thought 34 for Artist With Too Many Ideas.,"{""profile_name"": ""Artist With Too Many Ideas"", ""profile_description"": ""31-year-old multidisciplinary artist"", ""thought_number"": 34, ""stream_of_thought"": ""Stream of thought 34 for Artist With Too Many Ideas.""}"
Stream of thought 35 for Artist With Too Many Ideas.,"{""profile_name"": ""Artist With Too Many Ideas"", ""profile_description"": ""31-year-old multidisciplinary artist"", ""thought_number"": 35, ""stream_of_thought"": ""Stream of thought 35 for Artist With Too Many Ideas.""}"
Stream of thought 36 for Artist With Too Many Ideas.,"{""profile_name"": ""Artist With Too Many Ideas"", ""profile_description"": ""31-year-old multidisciplinary artist"", ""thought_number"": 36, ""stream_of_thought"": ""Stream of thought 36 for Artist With Too Many Ideas.""}"
Stream of thought 37 for Artist With Too Many Ideas.,"{""profile_name"": ""Artist With Too Many Ideas"", ""profile_description"": ""31-year-old multidisciplinary artist"", ""thought_number"": 37, ""stream_of_thought"": ""Stream of thought 37 for Artist With Too Many Ideas.""}"
Stream of thought 38 for Artist With Too Many Ideas.,"{""profile_name"": ""Artist With Too Many Ideas"", ""profile_description"": ""31-year-old multidisciplinary artist"", ""thought_number"": 38, ""stream_of_thought"": ""Stream of thought 38 for Artist With Too Many Ideas.""}"
Stream of thought 39 for Artist With Too Many Ideas.,"{""profile_name"": ""Artist With Too Many Ideas"", ""profile_description"": ""31-year-old multidisciplinary artist"", ""thought_number"": 39, ""stream_of_thought"": ""Stream of thought 39 for Artist With Too Many Ideas.""}"
Stream of thought 40 for Artist With Too Many Ideas.,"{""profile_name"": ""Artist With Too Many Ideas"", ""profile_description"": ""31-year-old multidisciplinary artist"", ""thought_number"": 40, ""stream_of_thought"": ""Stream of thought 40 for Artist With Too Many Ideas.""}"
Stream of thought 41 for Artist With Too Many Ideas.,"{""profile_name"": ""Artist With Too Many Ideas"", ""profile_description"": ""31-year-old multidisciplinary artist"", ""thought_number"": 41, ""stream_of_thought"": ""Stream of thought 41 for Artist With Too Many Ideas.""}"
Stream of thought 42 for Artist With Too Many Ideas.,"{""profile_name"": ""Artist With Too Many Ideas"", ""profile_description"": ""31-year-old multidisciplinary artist"", ""thought_number"": 42, ""stream_of_thought"": ""Stream of thought 42 for Artist With Too Many Ideas.""}"
Stream of thought 43 for Artist With Too Many Ideas.,"{""profile_name"": ""Artist With Too Many Ideas"", ""profile_description"": ""31-year-old multidisciplinary artist"", ""thought_number"": 43, ""stream_of_thought"": ""Stream of thought 43 for Artist With Too Many Ideas.""}"
Stream of thought 44 for Artist With Too Many Ideas.,"{""profile_name"": ""Artist With Too Many Ideas"", ""profile_description"": ""31-year-old multidisciplinary artist"", ""thought_number"": 44, ""stream_of_thought"": ""Stream of thought 44 for Artist With Too Many Ideas.""}"
Stream of thought 45 for Artist With Too Many Ideas.,"{""profile_name"": ""Artist With Too Many Ideas"", ""profile_description"": ""31-year-old multidisciplinary artist"", ""thought_number"": 45, ""stream_of_thought"": ""Stream of thought 45 for Artist With Too Many Ideas.""}"
Stream of thought 46 for Artist With Too Many Ideas.,"{""profile_name"": ""Artist With Too Many Ideas"", ""profile_description"": ""31-year-old multidisciplinary artist"", ""thought_number"": 46, ""stream_of_thought"": ""Stream of thought 46 for Artist With Too Many Ideas.""}"
Stream of thought 47 for Artist With Too Many Ideas.,"{""profile_name"": ""Artist With Too Many Ideas"", ""profile_description"": ""31-year-old multidisciplinary artist"", ""thought_number"": 47, ""stream_of_thought"": ""Stream of thought 47 for Artist With Too Many Ideas.""}"
Stream of thought 48 for Artist With Too Many Ideas.,"{""profile_name"": ""Artist With Too Many Ideas"", ""profile_description"": ""31-year-old multidisciplinary artist"", ""thought_number"": 48, ""stream_of_thought"": ""Stream of thought 48 for Artist With Too Many Ideas.""}"
Stream of thought 49 for Artist With Too Many Ideas.,"{""profile_name"": ""Artist With Too Many Ideas"", ""profile_description"": ""31-year-old multidisciplinary artist"", ""thought_number"": 49, ""stream_of_thought"": ""Stream of thought 49 for Artist With Too Many Ideas.""}"
Stream of thought 50 for Artist With Too Many Ideas.,"{""profile_name"": ""Artist With Too Many Ideas"", ""profile_description"": ""31-year-old multidisciplinary artist"", ""thought_number"": 50, ""stream_of_thought"": ""Stream of thought 50 for Artist With Too Many Ideas.""}"
